<?xml version="1.0" encoding="UTF-8" ?>
<!DOCTYPE html>
<HTML expr:dir='data:blog.languageDirection'>
&lt;head&gt;
<meta content='UJwD4UWRGfKBIkfUYO1-bjqQYazXQ6OkdjqMs_M4Pho' name='google-site-verification'/>
  <meta charset='utf-8'/>
  <meta content='IE=edge' http-equiv='X-UA-Compatible'/>
  <meta content='width=device-width, initial-scale=1' name='viewport'/>
<b:if cond='data:blog.pageType == &quot;index&quot;'>
    <title><data:blog.pageTitle/></title>
<b:else/>
    <b:if cond='data:blog.pageType == &quot;error_page&quot;'>
        <title>404: Page Not Found | <data:blog.title/></title>
    <b:else/>
        <title><data:blog.pageName/></title>
    </b:if>
</b:if>
<meta content='text/html; charset=UTF-8' http-equiv='Content-Type'/>
<meta content='blogger' name='generator'/>
<link expr:href='data:blog.homepageUrl + &quot;favicon.ico&quot;' rel='icon' type='image/x-icon'/>
<link expr:href='data:blog.url' rel='canonical'/>
<link expr:href='data:blog.homepageUrl + &quot;feeds/posts/default&quot;' expr:title='data:blog.title + &quot; - Atom&quot;' rel='alternate' type='application/atom+xml'/>
<link expr:href='data:blog.homepageUrl + &quot;feeds/posts/default?alt=rss&quot;' expr:title='data:blog.title + &quot; - RSS&quot;' rel='alternate' type='application/rss+xml'/>
<link expr:href='&quot;//www.blogger.com/feeds/&quot; + data:blog.blogId + &quot;/posts/default&quot;' expr:title='data:blog.title + &quot; - Atom&quot;' rel='alternate' type='application/atom+xml'/>
<link href='//www.blogger.com/openid-server.g' rel='openid.server'/>
<link expr:href='data:blog.homepageUrl' rel='openid.delegate'/>

<b:if cond='data:blog.pageType == &quot;item&quot;'>
<meta expr:content='data:blog.pageName' property='og:title'/>
<meta expr:content='data:blog.canonicalUrl' property='og:url'/>
<meta content='article' property='og:type'/>
</b:if>
<meta expr:content='data:blog.title' property='og:site_name'/>
<b:if cond='data:blog.url == data:blog.homepageUrl'>
<meta expr:content='data:blog.metaDescription' name='description'/>
<meta expr:content='data:blog.title' property='og:title'/>
<meta content='website' property='og:type'/>
<b:if cond='data:blog.metaDescription'>
<meta expr:content='data:blog.metaDescription' property='og:description'/>
<b:else/>
<meta expr:content='&quot;Silahkan kunjungi &quot; + data:blog.pageTitle + &quot;Untuk membaca postingan-postingan menarik.&quot;' property='og:description'/>
</b:if>
</b:if>
<b:if cond='data:blog.postImageUrl'>
<meta expr:content='data:blog.postImageUrl' property='og:image'/>
<b:else/>
<b:if cond='data:blog.postImageThumbnailUrl'>
<meta expr:content='data:blog.postThumbnailUrl' property='og:image'/>
<b:else/>
<meta content='https://3.bp.blogspot.com/-x_mMtgFf6XE/VlhLxwdLekI/AAAAAAAAj3c/N7fRz1lbMSg/s400/no-thumbnail.jpg' property='og:image'/>
</b:if>
</b:if>
<meta content='Dedi Islafuuddin' name='Author'/>
<meta expr:content='data:blog.title' name='twitter:site'/>
<meta content='summary_large_image' name='twitter:card'/>
<meta content='@DediIslafuddin' name='twitter:creator'/>

<link href='https://maxcdn.bootstrapcdn.com/bootstrap/3.3.6/css/bootstrap.min.css' rel='stylesheet'/>
<link href='https://maxcdn.bootstrapcdn.com/font-awesome/4.6.1/css/font-awesome.min.css' rel='stylesheet'/>

&lt;style type=&quot;text/css&quot;&gt;
&lt;!-- /*<b:skin><![CDATA[
/*
------------------------
Blogger Theme
Name	 : Kompi Safelink Converter Blogger Template
Version	 : 1.0
Designer : Kompi Ajaib
URL		 : www.kompiajaib.com
------------------------
Built With Bootstrap
*/
#header{width:90%;float:left}
#main-wrapper{width:60%;float:left;}
#sidebar-right{width:40%;float:right;}
.sos-profil ul,#cssmenu ul, #cssmenu li,.page-menu ul,.page-menu li{list-style: none;}
#footer1,#footer2,#footer3{float:left;width:30%;}
.iklan-bawahheader{display:none}
*/]]></b:skin>
<style type='text/css'>
/*<![CDATA[*/
h2,h3{margin-top:0}
a:active,a:focus,button.alert.alert-dismissible:active,button.alert.alert-dismissible:focus,button:active,button:focus{outline:0!important}
#navbar-iframe{height:0;visibility:hidden;display:none}
#main-wrapper{width:100%;height:auto;margin:0 auto;word-wrap:break-word;}
#collapsePostBlog{padding-top:55px;padding-bottom:30px}
html{position:relative;min-height:100%}
body{margin-bottom:60px;font-family:"Helvetica Neue",Helvetica,Arial,sans-serif;font-size:14px;line-height:1.42857143;color:#333;background-color:#fff}
a:hover{text-decoration:none}
.navbar-default{background-color:#337ab7!important;border-color:#1f66a3!important}
.descriptionwrapper{position:fixed;top:-1000px;left:-1000px}
img{border:0;width:auto;max-width:100%;height:auto}
.footer{position:absolute;bottom:0;width:100%;height:auto;background-color:#f5f5f5;border-top:1px solid #dedede}
.post h2.post-title{width:100%;padding:20px 0 10px;margin-bottom:10px;border-bottom:1px solid #dedede;text-align:center}
.post-body{padding-top:20px}
body>.container{padding:60px 15px 0}
.navbar-default .navbar-nav>li>a{color:#fff!important;opacity:.8}
.navbar-default .navbar-nav>li>a:hover,h1.navbar-brand a:hover,h1.navbar-brand:hover,p.navbar-brand a:hover,p.navbar-brand:hover{opacity:1;background-color:#428bca!important;text-decoration:none}
.navbar-default .navbar-toggle{border-color:#1f66a3!important;background-color:#428bca;}
.navbar-default .navbar-toggle .icon-bar{background-color:#fff!important;}
.navbar-default .navbar-toggle:hover .icon-bar{background-color:#888!important;}
.navbar-default .navbar-collapse, .navbar-default .navbar-form{border-color:#1f66a3!important;}
h1.navbar-brand,h1.navbar-brand a,p.navbar-brand,p.navbar-brand a{margin-top:0;margin-bottom:0;color:#fff!important}
h2{font-size:24px;margin-bottom:0}
h3{font-size:14px}
.container .text-muted{margin:20px 0}
.footer>.container{padding:25px 15px}
code{font-size:80%}
.close-copy{color:#fff!important;opacity:.8!important}
.close-copy:hover{opacity:1!important}
.six-sec-ease-in-out{-webkit-transition:width 14s ease-in-out;-moz-transition:width 14s ease-in-out;-ms-transition:width 14s ease-in-out;-o-transition:width 14s ease-in-out;transition:width 14s ease-in-out}
#btnInfo{display:none}
.margin-bottom-20{margin-bottom:20px}
.margin-top-25{margin-top:25px}
hr{margin-top:5px;margin-bottom:10px}
button.alert.alert-dismissible{cursor:default}
a:active,a:focus{background:0 0!important;text-decoration:none}
a.btn-default:active,a.btn-default:focus{background-color:#e6e6e6!important;}
#blog-pager{margin:1em 0;text-align:center;overflow: hidden;}
#blog-pager-newer-link{font-weight:bold;font-size:16px;float:left}
#blog-pager-older-link{font-weight:bold;font-size:16px;float:right}
.home-link{font-size:16px;}
.feed-links{clear:both;line-height:2.5em}

/* Contact Form */
#ContactForm1_contact-form-email,#ContactForm1_contact-form-name{width:100%;height:auto;margin:5px auto 15px;padding:10px 10px 10px 30px;color:#777;position:relative;z-index:1;background:#ebebeb;border:1px solid #ccc;border-radius:4px;box-shadow:rgba(0,0,0,.247059) 0 1px 3px inset,#f5f5f5 0 1px 0;-moz-box-sizing:border-box;-webkit-box-sizing:border-box;box-sizing:border-box;}
.contact-form-email,.contact-form-name{position:relative!important}
.contact-form-email:before,.contact-form-name:before{font-family:FontAwesome;font-style:normal;font-weight:400;text-decoration:inherit;padding-right:.5em;position:absolute;top:-4px;left:10px;z-index:2;color:#777;font-size:16px}
.contact-form-name:before{content:'\f007'}
.contact-form-email:before{content:'\f0e0'}
#ContactForm1_contact-form-email:focus,#ContactForm1_contact-form-name:focus{background:#fffff7;outline:0}
#ContactForm1_contact-form-email-message{width:100%;height:100px;margin:5px auto;padding:10px 10px 10px 30px;background:url(https://4.bp.blogspot.com/-HcSDTEb_L30/VmLKc3f4juI/AAAAAAAAkDo/d2yC7S79OgM/s1600/pencil.png) 10px 12px no-repeat #ebebeb;color:#777;border:1px solid #ccc;border-radius:4px;box-shadow:rgba(0,0,0,.247059) 0 1px 3px inset,#f5f5f5 0 1px 0;-moz-box-sizing:border-box;-webkit-box-sizing:border-box;box-sizing:border-box;font-weight:400}
#ContactForm1_contact-form-email-message:focus{background:url(https://4.bp.blogspot.com/-HcSDTEb_L30/VmLKc3f4juI/AAAAAAAAkDo/d2yC7S79OgM/s1600/pencil.png) 10px 12px no-repeat #fffff7;outline:0}
#ContactForm1_contact-form-submit{display:block;height:30px;float:left;color:#FFF;padding:0 20px;margin:10px 0 5px;cursor:pointer;background-color:#56585d;box-shadow:0 4px 0 0 #2d2f34;border:1px solid #434446;border-radius:4px;text-shadow:0 1px 0 #37383b;font-weight:bold;}
#ContactForm1_contact-form-submit:hover{background-color:#4d4f53}
#ContactForm1_contact-form-submit:active{position:relative;top:2px;box-shadow:0 2px 0 0 #2d2f34}
#ContactForm1_contact-form-submit:focus{outline:0}
#ContactForm1_contact-form-error-message,#ContactForm1_contact-form-success-message{width:100%;margin-top:15px}
.contact-form-button-submit{background-image:none!important;border-color:none!important}

/* CSS Ad block */
#unblocker{position:fixed;top:0;left:0;width:100%;height:100%;background-color:#fff;opacity:.98;display:block;z-index:9999;overflow:hidden}
#unblocker p{color:#000;text-align:center;margin:15% auto;font-size:2rem;max-width:750px;display:table;line-height:1.5;}
#unblocker p:before{content:'\f023';font-family:fontawesome;background:#ff675c;color:#fff;text-align:center;display:block;padding:0;width:2em;height:2em;line-height:2em;font-size:2.5rem;clear:both;border-radius:100%;margin:0 auto 3%;font-weight:normal;box-shadow:inset 0 0 5px rgba(0,0,0,.1)}
#unblocker p:hover:before{content:'\f13e'}
#unblocker p a,#unblocker p i{font-size:20px}
#unblocker ~ *{display:none}

/* Sitemaps */
#table-outer{padding:7px 10px;margin:0 auto 20px}
#table-outer table{width:auto;margin:0 auto}
#table-outer form{font:inherit}
#table-outer label{display:block;text-align:right;margin:0 10px 0 0;padding:4px 0 0}
#table-outer select[disabled]{opacity:.4}
#post-searcher{display:block;margin:0;padding:0}
#table-outer input{width:100%;border:1px solid #dedede;border-radius:5px;margin:0;padding:5px;text-transform:capitalize!important;outline:0;color:#333!important;-moz-box-sizing:border-box;-webkit-box-sizing:border-box;box-sizing:border-box}
#table-outer select{width:100%;border:1px solid #dedede;border-radius:5px;margin:0 0 5px;padding:5px;text-transform:capitalize!important;outline:0;color:#333!important;-moz-box-sizing:border-box;-webkit-box-sizing:border-box;box-sizing:border-box}
#table-outer select option{min-height:1.4em!important;}
#table-outer input#feed-q{padding:5px 10px!important;}
#feed-container{background:#fff;display:block;clear:both;margin:0;padding:0;list-style:none;overflow:hidden;position:relative;border-top:none}
#feed-container li{list-style:none;margin:0;padding:0;display:inline}
#feed-container li a{text-decoration:none;color:#2C2C2C;font-weight:bold;font-size:16px}
#feed-container li a:hover{text-decoration:none;color:#E94141}
#feed-container li img{margin:0 15px 5px 0;padding:;width:100%!important;height:140px!important;display:block;}
#feed-nav{margin:10px 0 30px;text-align:center;font-weight:500;width:100%}
#feed-nav a,#feed-nav span{color:#fff;text-decoration:none;display:block;opacity:.8}
#feed-nav a:hover,#feed-nav span:hover{opacity:1}
#feed-nav span{cursor:wait}

/* Pace Theme Flash */
.pace,.pace .pace-activity{position:fixed;z-index:2000;top:0;right:0}
.pace{-webkit-pointer-events:none;pointer-events:none;-webkit-user-select:none;-moz-user-select:none;user-select:none;-webkit-perspective:12rem;-moz-perspective:12rem;-ms-perspective:12rem;-o-perspective:12rem;perspective:12rem;height:6rem;width:6rem;margin:auto;left:0;bottom:0}
.pace .pace-activity{display:block;width:50px;height:50px;border:3px solid transparent;border-top-color:#337ab7;border-left-color:#337ab7;border-radius:100%;-webkit-animation:pace-spinner .4s linear infinite;-moz-animation:pace-spinner .4s linear infinite;-ms-animation:pace-spinner .4s linear infinite;-o-animation:pace-spinner .4s linear infinite;animation:pace-spinner .4s linear infinite}
.pace.pace-inactive .pace-activity{display:none}
@-webkit-keyframes pace-spinner{0%{-webkit-transform:rotate(0);transform:rotate(0)}
100%{-webkit-transform:rotate(360deg);transform:rotate(360deg)}
}
@-moz-keyframes pace-spinner{0%{-moz-transform:rotate(0);transform:rotate(0)}
100%{-moz-transform:rotate(360deg);transform:rotate(360deg)}
}
@-o-keyframes pace-spinner{0%{-o-transform:rotate(0);transform:rotate(0)}
100%{-o-transform:rotate(360deg);transform:rotate(360deg)}
}
@-ms-keyframes pace-spinner{0%{-ms-transform:rotate(0);transform:rotate(0)}
100%{-ms-transform:rotate(360deg);transform:rotate(360deg)}
}
@keyframes pace-spinner{0%{transform:rotate(0)}
100%{transform:rotate(360deg)}
}

@media (max-width:600px){#table-outer table{margin:0 auto;width:100%}
#feed-container,#table-outer{margin:0 auto}
#feed-container li .inner{margin:5px auto;height:auto;}
#feedContainer li{float:none;display:block;width:auto;height:auto}
#feed-container li .news-text, #feedContainer:after,#feed-container li img{display:none!important}
#header{width:80%;}
}

@media screen and (max-width:880px){body{margin-bottom:120px;}.footer>.container .col-md-8{float:left;text-align:left!important;margin-top:10px;}
}

/*]]>*/
</style>

<b:if cond='data:blog.pageType != &quot;static_page&quot; and data:blog.pageType != &quot;item&quot;'>
<style type='text/css'>
/*<![CDATA[*/
#main-wrapper{}
.intro-header,.site-wrapper{display:table;width:100%;height:100vh}
.intro-header{text-align:center;color:#f8f8f8;background:url(https://3.bp.blogspot.com/-4kF-8jc75nU/VyhrEeae4wI/AAAAAAAAmZs/uw9t7ZumglA_RktNM7AhjOzMKHyHpQIqwCLcB/s1600/intro-bg%2Bcopy.jpg) center center no-repeat;background-size:cover}
#converter{height:100vh;background-color:#f8f8f8;border:1px solid #dedede;border-left:0;border-right:0;padding-top:60px}
.site-wrapper-inner{display:table-cell;vertical-align:top}
.cover-container{margin-right:auto;margin-left:auto}
.cover-heading{margin:0;color:#fff;font-size:3em;font-weight:900;text-shadow:0 1px 0 #c7c8ca,0 2px 0 #b1b3b6,0 3px 0 #9d9fa2,0 4px 0 #8a8c8e,0 5px 0 #77787b,0 6px 0 #636466,0 7px 0 #4d4d4f,0 8px 7px #001135}
p.desc{text-shadow:0 1px 1px #fff,0 -1px 1px #000}
.intro-divider{width:500px;border-top:1px solid #f8f8f8;border-bottom:1px solid rgba(0,0,0,.2)}
.inner{padding:30px}
.cover{padding:0 20px}
.cover .btn-lg{padding:10px 20px;font-weight:700}
@media screen and (max-width:1024px){#converter,.intro-header,.site-wrapper{height:100%}
.site-wrapper{padding:150px 0 100px}
}
@media screen and (max-width:603px){.cover-heading{font-size:2em}
.intro-divider{width:90%}
}
@media (min-width:768px){.site-wrapper-inner{vertical-align:middle}
.cover-container{width:100%}
}
@media (min-width:992px){.cover-container{width:700px}
}
.post-body{padding-top:0}
.post h2.post-title{width:100%;padding:0;margin-bottom:0;font-size:18px;text-align:left;border-bottom:0}
.posts-thumb{position:relative;margin-right:10px;padding-top:4px;float:left;overflow:hidden}
/*]]>*/
</style>
</b:if>

<b:if cond='data:blog.pageType == &quot;item&quot;'>
<style type='text/css'>
.post-body .separator img{width:100%!important;height:auto}
.panel{margin-bottom:20px;background-color:#fff;border:0;border-radius:0;-webkit-box-shadow:0;box-shadow:0}
.panel-body{padding:20px 0 0}
.breadcrumb{margin:20px 0 5px;}
</style>
</b:if>

  <b:if cond='data:blog.url == &quot;http://www.safelink.ga/p/generate.html&quot;'>
<style type='text/css'>
.postmeta,h2.post-title{position:fixed;top:-1000px;left:-1000px}
.post-body{padding-top:10px}
</style>
</b:if>

<script type='text/javascript'>
//<![CDATA[
var blog = document.location.hostname;
var slug = document.location.pathname;
var ctld = blog.substr(blog.lastIndexOf("."));
if (ctld != ".com") {
var ncr = "https://" + blog.substr(0, blog.indexOf("."));
ncr += ".blogspot.com/ncr" + slug;
window.location.replace(ncr); };

var currentURL=location.href;
var str = currentURL;
  var res = str.replace("http://www.safelink.ga/p/generate.html?url=", "");
$(".Visit_Link").hide();
function changeLink(){
    var decodedString = Base64.decode(res);
    window.open(decodedString,'_self')
}

function generate() {
    var linkDL = document.getElementById("download"),
        linkAL = document.getElementById("download2"),
        btn = document.getElementById("btn"),
        notif = document.getElementById("daplong"),
        direklink = document.getElementById("download").href,
        waktu = 4;
    var teks_waktu = document.createElement("span");
    linkDL.parentNode.replaceChild(teks_waktu, linkDL);
    var id;
    id = setInterval(function () {
        waktu--;
        if (waktu < 0) {
            teks_waktu.parentNode.replaceChild(linkDL, teks_waktu);
            clearInterval(id);
            notif.style.display = "none";
            linkDL.style.display = "inline";
            linkAL.style.display = "inline";
        } else {
            teks_waktu.innerHTML = "<h3 class='text-danger'>Link will appear in " + waktu.toString() + " Second</h3>";
            btn.style.display = "none";
        }
    }, 2000);
}

cookieOptions = {
    msg: "This site uses cookies to help deliver services. By using this site, you agree to the use of cookies.",
    link: "https://www.blogger.com/go/blogspot-cookies",
    close: "Got it!",
    learn: "Learn More" };
//]]>
</script>

<script type='text/javascript'>

var uri = window.location.toString();
if (uri.indexOf(&quot;%3D&quot;,&quot;%3D&quot;) &gt; 0) {
  var clean_uri = uri.substring(0, uri.indexOf(&quot;%3D&quot;));
    window.history.replaceState({}, document.title, clean_uri);
}
var uri = window.location.toString();
if (uri.indexOf(&quot;%3D%3D&quot;,&quot;%3D%3D&quot;) &gt; 0) {
  var clean_uri = uri.substring(0, uri.indexOf(&quot;%3D%3D&quot;));
    window.history.replaceState({}, document.title, clean_uri);
}
var uri = window.location.toString();
if (uri.indexOf(&quot;&amp;m=1&quot;,&quot;&amp;m=1&quot;) &gt; 0) {
  var clean_uri = uri.substring(0, uri.indexOf(&quot;&amp;m=1&quot;));
    window.history.replaceState({}, document.title, clean_uri);
}
var uri = window.location.toString();
if (uri.indexOf(&quot;?m=1&quot;,&quot;?m=1&quot;) &gt; 0) {
  var clean_uri = uri.substring(0, uri.indexOf(&quot;?m=1&quot;));
    window.history.replaceState({}, document.title, clean_uri);
}

</script>

 <!-- HTML5 shim and Respond.js for IE8 support of HTML5 elements and media queries -->
    <!--[if lt IE 9]>
      <script src="https://oss.maxcdn.com/html5shiv/3.7.2/html5shiv.min.js"></script>
      <script src="https://oss.maxcdn.com/respond/1.4.2/respond.min.js"></script>
    <![endif]-->
&lt;/head&gt;&lt;!--<head/>--&gt;
<body onload='generate()'>
<b:if cond='data:blog.pageType == &quot;error_page&quot;'>
<style scoped='scoped' type='text/css'>
#error-page{background:#efefef;position:fixed !important;position:absolute;text-align:center;top:0;right:0;bottom:0;left:0;z-index:99999;width:100%}
#error-page .error-404 {text-align: center; transition: all 0.8s ease 0s;color: #b0130d; font-size:800%; font-weight: 600;margin-bottom:0px;margin-top:0;line-height:1em} 
#error-page .large-heading1 {color: #000;font-size:400%;margin-top:1%;margin-bottom:0px;position:relative;font-weight:600}
#error-page .large-heading2 {color: #000;font-size:250%;} 
#error-page .light-heading1 {color: #000;font-size:150%;} 
#error-page .light-heading2 {color: #000;font-size:100%;line-height:1.8em;} 
#error-page #search{text-align:center!important}
#search input{padding:6px 10px;margin:15px 0 0 -1px}
</style>
<div id='error-page'> 
<div class='large-heading1'>OOPS!</div>
<div class='error-404'>404</div> 
<div class='large-heading2'>LAMAN TIDAK DITEMUKAN</div><br/> 
<div class='light-heading1'>Mungkin halaman telah dihapus. Kami mohon maaf atas ketidaknyamanan ini.</div><br/>
  <div class='light-heading2'>Silahkan Klik <a expr:href='data:blog.homepageUrl' title='Homepage'><span style='background:#ddd;border:1px solid #aaa;border-radius:3px;padding:2px 5px'><b>DI SINI</b></span></a> untuk kembali ke homepage <b><data:blog.title/></b>.<br/>
Atau gunakan <b>Search Box</b> di bawah ini untuk kembali mencari artikel yang Anda inginkan.
</div>
<div class='searchform' id='searchform'>
<div id='search'>
<script type='text/javascript'>
  var GOOG_FIXURL_LANG = &quot;en&quot;;
  var GOOG_FIXURL_SITE = &quot;<data:blog.homepageUrl/>&quot;
</script>
<script src='//linkhelp.clients.google.com/tbproxy/lh/wm/fixurl.js' type='text/javascript'>
</script>
<div class='clearfix'/>
</div>
</div>
</div>
</b:if>
<b:if cond='data:blog.pageType != &quot;error_page&quot;'>
<div class='blog-overlay'>
    <!-- Fixed navbar -->
    <nav class='navbar navbar-default navbar-fixed-top'>
      <div class='container'>
        <div class='navbar-header'>
          <button aria-controls='navbar' aria-expanded='false' class='navbar-toggle collapsed' data-target='#navbar' data-toggle='collapse' type='button'>
            <span class='sr-only'>Toggle navigation</span>
            <span class='icon-bar'/>
            <span class='icon-bar'/>
            <span class='icon-bar'/>
          </button>
<header itemscope='itemscope' itemtype='https://schema.org/WPHeader'>
      <b:section class='header' id='header' maxwidgets='1' showaddelement='no'>
        <b:widget id='Header1' locked='true' title='Safelink Converter (Header)' type='Header' version='1'>
          <b:includable id='main'>
    <div id='header-inner'>
      <div class='titlewrapper'>
        <b:if cond='data:blog.pageType != &quot;item&quot;'>
        <h1 class='title navbar-brand' itemprop='headline'>
<b:include name='title'/>
        </h1>
<b:else/>
        <p class='title navbar-brand' itemprop='headline'>
          <b:include name='title'/>
        </p>
</b:if>
      </div><b:include name='description'/>
    </div>
</b:includable>
          <b:includable id='description'>
  <div class='descriptionwrapper'>
    <p class='description' itemprop='description'><span><data:description/></span></p>
  </div>
</b:includable>
          <b:includable id='title'>
      <a expr:href='data:blog.homepageUrl' expr:title='data:title' itemprop='url'><span itemprop='name'>Safelink</span></a>
</b:includable>
        </b:widget>
      </b:section>
      </header>
        </div>
        <div class='collapse navbar-collapse' id='navbar'>
          <ul class='nav navbar-nav'>
            <li><a href='http://www.safelink.ga/p/about.html' title='About'>About</a></li>
            <li><a href='http://www.safelink.ga/p/contact.html' title='Contact'>Contact</a></li>
            <li><a href='http://www.safelink.ga/p/privacy.html' title='Privacy'>Privacy</a></li>
            <li><a href='http://www.safelink.ga/p/disclaimer.html' title='Disclaimer'>Disclaimer</a></li>
            <li><a href='http://www.safelink.ga/p/sitemap.html' title='Sitemaps'>Sitemaps</a></li>
          </ul>
          <ul class='nav navbar-nav navbar-right'>
            <b:if cond='data:blog.url == &quot;http://www.safelink.ga/p/generate.html&quot;'>
            <li><a data-target='.how-to-use' data-toggle='modal' href='javascript:void(0)' title='How To Use'>How To Use</a></li>
            </b:if>
            <li><a data-target='.how-to-get' data-toggle='modal' href='javascript:void(0)' title='How To Get'>How To Get</a></li>
            <b:if cond='data:blog.pageType != &quot;item&quot; and data:blog.pageType != &quot;static_page&quot;'>
            <li><a href='https://keneono.blogspot.com' role='button' title='Blog'>Blog</a></li>
            </b:if>
          </ul>
        </div><!--/.nav-collapse -->
      </div>
    </nav>

<div aria-labelledby='mySmallModalLabel' class='modal fade contact' role='dialog' tabindex='-1'>
  <div class='modal-dialog modal-sm'>
    <div class='modal-content'>
      <div class='modal-header'> <button aria-label='Close' class='close' data-dismiss='modal' type='button'><span aria-hidden='true'>&#215;</span></button> <h4 class='modal-title' id='mySmallModalLabel'>Contact Us</h4> </div>
      <div class='modal-body text-left'>
        <div class='form-group'>
<form name='contact-form'>
<span class='contact-form-name'>
<input id='ContactForm1_contact-form-name' name='name' placeholder='Name' size='30' type='text' value=''/></span><br/>
<span class='contact-form-email'>
<input id='ContactForm1_contact-form-email' name='email' placeholder='Email' size='30' type='text' value=''/></span><br/>
<textarea cols='25' id='ContactForm1_contact-form-email-message' name='email-message' placeholder='Message' rows='5'/><br/>
<input id='ContactForm1_contact-form-submit' type='button' value='Kirim'/><br/>
<div class='clearfix'/>
<div style='max-width: 100%; text-align: left; width: 100%;'>
<div id='ContactForm1_contact-form-error-message'>
</div>
<div id='ContactForm1_contact-form-success-message'>
</div>
</div>
</form>
          <div class='clearfix'/>
</div>
      </div>
    </div>
  </div>
</div>

<div aria-labelledby='myLargeModalLabel' class='modal fade how-to-use' role='dialog' tabindex='-1'>
  <div class='modal-dialog modal-lg'>
    <div class='modal-content'>
      <div class='modal-header'> <button aria-label='Close' class='close' data-dismiss='modal' type='button'><span aria-hidden='true'>&#215;</span></button> <h4 class='modal-title' id='myLargeModalLabel'>How To Use This Safe Link Converter On Your Blog</h4> </div>
      <div class='modal-body text-left'>
        <p>Click on the code and <kbd><kbd>CTRL</kbd> + <kbd>C</kbd></kbd> on your keyboard. Put this code before the <mark>&amp;lt;/body&amp;gt;</mark>, </p>
        <div class='form-group'>
<textarea class='form-control' id='textArea' onclick='this.focus();this.select()' readonly='readonly' rows='11'>
<script type='text/javascript'>
//<![CDATA[
protected_links = "www.safelink.ga,blogspot.com,youtube.com,facebook.com,google.com,twitter.com"; 
  (function() {
    var sl = document.createElement('script');
    sl.type = 'text/javascript'; sl.async = true;
    sl.src = 'https://cdn.rawgit.com/dedi96/safelink/813ce72f/safelinkga.js';
    (document.getElementsByTagName('head')[0] || document.getElementsByTagName('body')[0]).appendChild(sl);
  })();
//]]>
</script></textarea>
</div>
      </div>
    </div>
  </div>
</div>

<div aria-labelledby='mySmallModalLabel3' class='modal fade how-to-get' role='dialog' tabindex='-1'>
  <div class='modal-dialog modal-sm'>
    <div class='modal-content'>
      <div class='modal-header'> <button aria-label='Close' class='close' data-dismiss='modal' type='button'><span aria-hidden='true'>&#215;</span></button> <h4 class='modal-title' id='mySmallModalLabel3'><strong>How to get this Safelink Converter Blogger Theme</strong>.</h4> </div>
      <div class='modal-body text-left'>
        <p>Now you can get this theme. Please, visit this post <a href='http://www.kompiajaib.com/2016/05/kompi-safelink-converter-responsive.html' target='_blank' title='Kompi Safelink Converter Responsive Blogger Template With Bootstrap'><strong>Kompi Safelink Converter Responsive Blogger Template With Bootstrap</strong>.</a></p>
      </div>
    </div>
  </div>
</div>

<b:if cond='data:blog.pageType != &quot;item&quot; and data:blog.pageType != &quot;static_page&quot;'>

<div id='converter'>
<div class='container'>

  <div class='text-center margin-bottom-20'>
<h3>Advertise</h3>
KODE IKLAN DISINI
  </div>

<div class='row'>
<div class='container'>
  <div class='col-md-8 col-md-offset-2'>
      <div class='btn btn-info margin-bottom-20' id='btnInfo'>
        <button class='close close-copy' onclick='document.getElementById(&quot;btnInfo&quot;).style.display = &quot;none&quot;' type='button'><span aria-hidden='true'>&#215;</span></button>
        <h4>Link has been <strong>copied to clipboard!</strong></h4>
      </div>
    <div class='panel panel-primary'>
      <div class='panel-heading'><div class='panel-title text-center'><h2><i class='fa fa-shield'/> <strong>Safe Link Converter</strong></h2></div></div>
      <div class='panel-body'>
        <div class='form-group'>
          <div class='input-group'>
            <span class='input-group-addon'><i class='fa fa-link'/></span>
            <input class='form-control' id='inputURL' required='required' type='url'/>
            <span class='input-group-btn'>
<button class='btn btn-primary' data-target='#safeLINK' data-toggle='collapse' type='button'><i class='fa fa-shield'/> <strong>Safe Link Now!</strong></button>
</span>
          </div>
        </div>
        <script src='https://cdn.rawgit.com/dedi96/safelink/813ce72f/safelinkga.js' type='text/javascript'/>
        <div class='collapse' id='safeLINK'>
          <div class='form-group has-success'>
            <div class='input-group'>
              <span class='input-group-addon'><strong>Result:</strong> <i aria-hidden='true' class='fa fa-check'/></span>
            <input class='form-control' id='resultLink' onclick='this.focus();this.select()' readonly='readonly' required='required' type='text'/></div>
            <br/>
            <button class='alert alert-dismissible alert-success btn-lg btn-block text-center'><i aria-hidden='true' class='fa fa-thumbs-o-up'/> <strong>Well done!</strong> you have successfully encrypted your link.</button>
            <div class='text-center'>
            <button class='btn btn-sm btn-success' data-clipboard-target='resultLink' data-target='#safeLINK' data-toggle='collapse' id='btnCopy' type='submit'><i aria-hidden='true' class='fa fa-files-o'/> <strong>Copy your link to clipboard!</strong></button>
            </div>
          </div>
        </div>
      </div>
    </div>
  </div>
</div>
</div>
<script src='//cdn.jsdelivr.net/zeroclipboard/2.2.0/ZeroClipboard.js' type='text/javascript'/>
<script type='text/javascript'>
//<![CDATA[
  ZeroClipboard.config({
    swfPath: "//cdn.jsdelivr.net/zeroclipboard/2.2.0/ZeroClipboard.swf"
  });
  var client = new ZeroClipboard(document.getElementById('btnCopy'));
  client.on('ready', function(event) {
    document.getElementById('btnCopy').style.display = 'inline-block';

    client.on('copy', function(event) {
      event.clipboardData.setData('text/plain', event.target.value);
    });

    client.on('aftercopy', function(event) {
      document.getElementById('btnInfo').style.display = 'block';
      document.getElementById('inputURL').value = '';
      document.getElementById('resultLink').value = '';
    });
  });

  client.on('error', function(event) {
    ZeroClipboard.destroy();
  });
  var output = document.getElementById('resultLink'),
    input = document.getElementById('inputURL');
  input.onkeyup = function() {
    if (input.value != "") {
      output.value = "http://www.safelink.ga/p/generate.html?url=" + Base64.encode(this.value); //change with your link
    } else {
      output.value = "";
    }
  }
//]]>
</script>
<div class='clearfix'/>
<div class='margin-bottom-20'>
  <div class='col-md-4 text-center'>
<h3>Advertise</h3>
KODE IKLAN DISINI
</div>
<div class='col-md-4 margin-top-25'>
<div class='panel panel-info'>
  <div class='panel-heading'><h2 class='panel-title'><i aria-hidden='true' class='fa fa-question-circle-o'/> <strong>How to use our tool:</strong></h2></div>
  <div class='panel-body'>
<ol>
<li>Put the link on the <strong>Safe Link Converter</strong> box with <strong>http://</strong> or <strong>https://</strong></li>
<li>Use <kbd><kbd>CTRL</kbd> + <kbd>V</kbd></kbd> on keyboard to put the link.</li>
<li>Click the <strong>Safe Link Now!</strong> button to get encrypted link.</li>
<li>Click the <strong>Copy your link to clipboard!</strong></li>
<li>Done.</li>
</ol>
  </div>
</div>
</div>
 <div class='col-md-4 text-center'>
<h3>Advertise</h3>
KODE IKLAN DISINI
</div>
<div class='clearfix'/>
</div>

  </div> 
  </div> 
<div class='clearfix'/>
</b:if>
<div class='container' id='collapsePostBlog'>
<div class='row'>
<b:if cond='data:blog.pageType != &quot;item&quot; and data:blog.pageType != &quot;static_page&quot;'>
<div class='container'>
  <div class='alert alert-info btn-lg btn-block text-center'><h2><strong>Blog Posts</strong></h2></div>
  </div>
</b:if>
<div itemscope='itemscope' itemtype='https://schema.org/Blog'>
     <div id='main-wrapper'>
        <b:section class='main' id='main' showaddelement='no'>
          <b:widget id='Blog1' locked='true' title='Blog Posts' type='Blog' version='1'>
            <b:includable id='main' var='top'> 
<b:include data='posts' name='breadcrumb'/>       
  <b:if cond='data:mobileindex'>
    <!-- mobile index -->
    <div class='blog-posts hfeed'>
      <b:loop values='data:posts' var='post'>
        <b:if cond='data:post.isFirstPost == &quot;false&quot;'>
          &lt;/div&gt;
        </b:if>
        &lt;div class=&quot;mobile-date-outer date-outer&quot;&gt;
        <div expr:onclick='data:post.indexOnclick'>
          <b:include data='post' name='mobile-index-post'/>
        </div>
        <b:if cond='data:post.trackLatency'>
          <data:post.latencyJs/>
        </b:if>
      </b:loop>
      <b:if cond='data:numPosts != 0'>
        &lt;/div&gt;
      </b:if>
    </div>
  <b:else/>

    <!-- posts -->
    <div class='blog-posts hfeed'>

      <b:include data='top' name='status-message'/>

      <data:defaultAdStart/>
      <b:loop values='data:posts' var='post'>
        <b:if cond='data:post.isDateStart'>
          <b:if cond='data:post.isFirstPost == &quot;false&quot;'>
            &lt;/div&gt;&lt;/div&gt;
          </b:if>
        </b:if>
        <b:if cond='data:post.isDateStart'>
          &lt;div class=&quot;date-outer&quot;&gt;
        </b:if>

        <b:if cond='data:post.isDateStart'>
          &lt;div class=&quot;date-posts&quot;&gt;
        </b:if>
        <div class='post-outer'>
        <b:include data='post' name='post'/>
        <b:include cond='data:blog.pageType in {&quot;static_page&quot;,&quot;item&quot;}' data='post' name='comments'/>
        </div>
        <b:if cond='data:post.includeAd'>
          <b:if cond='data:post.isFirstPost'>
            <data:defaultAdEnd/>
          <b:else/>
            <data:adEnd/>
          </b:if>
          <b:if cond='data:mobile == &quot;false&quot;'>
            <div class='inline-ad'>
              <data:adCode/>
            </div>
          </b:if>
          <data:adStart/>
        </b:if>
        <b:if cond='data:post.trackLatency'>
          <data:post.latencyJs/>
        </b:if>
      </b:loop>
      <b:if cond='data:numPosts != 0'>
        &lt;/div&gt;&lt;/div&gt;
      </b:if>
      <data:adEnd/>
    </div>
  </b:if>
 <div class='clearfix'/>

  <!-- navigation -->
  <b:if cond='data:mobile'>
    <b:include name='mobile-nextprev'/>
  <b:else/>
    <b:include name='nextprev'/>

    <!-- feed links -->
    <b:include name='feedLinks'/>
  </b:if>

  <b:if cond='data:top.showStars'>
    <script src='//www.google.com/jsapi' type='text/javascript'/>
    <script type='text/javascript'>
      google.load(&quot;annotations&quot;, &quot;1&quot;, {&quot;locale&quot;: &quot;<data:top.languageCode/>&quot;});
      function initialize() {
        google.annotations.setApplicationId(<data:top.blogspotReviews/>);
        google.annotations.createAll();
        google.annotations.fetch();
      }
      google.setOnLoadCallback(initialize);
    </script>
  </b:if>
  <b:if cond='data:top.showDummy'>
    <data:top.dummyBootstrap/>
  </b:if>
</b:includable>
            <b:includable id='backlinkDeleteIcon' var='backlink'>
  <span expr:class='&quot;item-control &quot; + data:backlink.adminClass'>
    <a expr:href='data:backlink.deleteUrl' expr:title='data:top.deleteBacklinkMsg'>
      <img alt='delete icon' expr:title='data:top.deleteBacklinkMsg' height='13' src='//www.blogger.com/img/icon_delete13.gif' width='13'/>
    </a>
  </span>
</b:includable>
            <b:includable id='backlinks' var='post'>
  <a name='links'/><h4><data:post.backlinksLabel/></h4>
  <b:if cond='data:post.numBacklinks != 0'>
    <dl class='comments-block' id='comments-block'>
      <b:loop values='data:post.backlinks' var='backlink'>
        <div class='collapsed-backlink backlink-control'>
          <dt class='comment-title'>
            <span class='backlink-toggle-zippy'>&#160;</span>
            <a expr:href='data:backlink.url' expr:title='data:backlink.title' rel='nofollow'><data:backlink.title/></a>
            <b:include data='backlink' name='backlinkDeleteIcon'/>
          </dt>
          <dd class='comment-body collapseable'>
            <data:backlink.snippet/>
          </dd>
          <dd class='comment-footer collapseable'>
            <span class='comment-author'><data:post.authorLabel/> <data:backlink.author/></span>
            <span class='comment-timestamp'><data:post.timestampLabel/> <data:backlink.timestamp/></span>
          </dd>
        </div>
      </b:loop>
    </dl>
  </b:if>
  <p class='comment-footer'>
    <a class='comment-link' expr:href='data:post.createLinkUrl' expr:id='data:widget.instanceId + &quot;_backlinks-create-link&quot;' expr:title='data:post.createLinkLabel' rel='nofollow' target='_blank'><data:post.createLinkLabel/></a>
  </p>
</b:includable>
            <b:includable id='breadcrumb' var='posts'>
<b:if cond='data:blog.homepageUrl != data:blog.url'>
<b:if cond='data:blog.pageType == &quot;item&quot;'>
<b:loop values='data:posts' var='post'>
<b:if cond='data:post.labels'>
<div class='container'>
<div class='breadcrumb'>
<span itemscope='itemscope' itemtype='https://data-vocabulary.org/Breadcrumb'><a expr:href='data:blog.homepageUrl' itemprop='url' title='Home'><span itemprop='title'><i class='fa fa-home'/> Home</span></a></span>&amp;nbsp;<b:loop values='data:post.labels' var='label'>
<span itemscope='itemscope' itemtype='https://data-vocabulary.org/Breadcrumb'><a expr:href='data:label.url + &quot;?max-results=6&quot;' expr:title='data:label.name' itemprop='url'><span itemprop='title'><i class='fa fa-tags'/>
 <data:label.name/></span></a><b:if cond='data:label.isLast != &quot;true&quot;'> <i class='fa fa-angle-right'/> </b:if></span>
</b:loop>
 <i class='fa fa-angle-right'/> <span><data:post.title/></span>
</div>
</div>
</b:if>
</b:loop>
</b:if>
</b:if>
</b:includable>
            <b:includable id='comment-form' var='post'/>
            <b:includable id='commentDeleteIcon' var='comment'/>
            <b:includable id='comment_count_picker' var='post'/>
            <b:includable id='comment_picker' var='post'/>
            <b:includable id='comments' var='post'/>
            <b:includable id='feedLinks'>
  <b:if cond='data:blog.pageType != &quot;item&quot;'> <!-- Blog feed links -->
    <b:if cond='data:feedLinks'>
      <div class='blog-feeds'>
        <b:include data='feedLinks' name='feedLinksBody'/>
      </div>
    </b:if>
    <b:else/> <!--Post feed links -->
    <div class='post-feeds'>
      <b:loop values='data:posts' var='post'>
        <b:if cond='data:post.allowComments'>
          <b:if cond='data:post.feedLinks'>
            <b:include data='post.feedLinks' name='feedLinksBody'/>
          </b:if>
        </b:if>
      </b:loop>
    </div>
  </b:if>
</b:includable>
            <b:includable id='feedLinksBody' var='links'>
</b:includable>
            <b:includable id='iframe_comments' var='post'/>
            <b:includable id='mobile-index-post' var='post'>
  <b:if cond='data:post.dateHeader'>
    <div class='mobile-index-date'>
      <div class='date-header'>
        <span><data:post.dateHeader/></span>
      </div>
    </div>
  </b:if>
  <div class='mobile-post-outer'>
    <div class='mobile-index-title-outer'>
      <h3 class='mobile-index-title entry-title'>
        <a expr:title='data:post.title' href='javascript:void(0)'><data:post.title/></a>
      </h3>
    </div>

    <div>
      <div class='mobile-index-arrow'>
        <a href='javascript:void(0)'>&amp;rsaquo;</a>
      </div>
      <div class='mobile-post-contents'>
        <b:if cond='data:post.thumbnailUrl'>
          <div class='mobile-index-thumbnail'>
            <div class='Image'>
              <img expr:src='data:post.thumbnailUrl'/>
            </div>
          </div>
        </b:if>

        <div class='post-body'>
          <b:if cond='data:post.snippet'><data:post.snippet/></b:if>
        </div>
      </div>
      <div class='clearfix'/>
    </div>
    <div class='mobile-index-comment'>
      <b:if cond='data:blog.pageType != &quot;item&quot;'>
        <b:if cond='data:blog.pageType != &quot;static_page&quot;'>
          <b:if cond='data:post.allowComments'>
            <b:if cond='data:post.numComments != 0'>
              <a class='comment-link' expr:href='data:post.addCommentUrl' expr:onclick='data:post.addCommentOnclick'><b:if cond='data:post.numComments == 1'>1 <data:top.commentLabel/><b:else/><data:post.numComments/> <data:top.commentLabelPlural/></b:if></a>
            </b:if>
          </b:if>
        </b:if>
      </b:if>
    </div>
  </div>
</b:includable>
            <b:includable id='mobile-main' var='top'>
    <!-- posts -->
    <div class='blog-posts hfeed'>
      <b:include data='top' name='status-message'/>
      <b:if cond='data:blog.pageType == &quot;index&quot;'>
        <b:loop values='data:posts' var='post'>
          <b:include data='post' name='mobile-index-post'/>
        </b:loop>
      <b:else/>
        <b:loop values='data:posts' var='post'>
          <b:include data='post' name='mobile-post'/>
        </b:loop>
      </b:if>
    </div>
   <b:include name='mobile-nextprev'/>
</b:includable>
            <b:includable id='mobile-nextprev'>
  <div class='blog-pager' id='blog-pager'>
    <b:if cond='data:newerPageUrl'>
      <div class='mobile-link-button' id='blog-pager-newer-link'>
      <a class='blog-pager-newer-link' expr:href='data:newerPageUrl' expr:id='data:widget.instanceId + &quot;_blog-pager-newer-link&quot;' expr:title='data:newerPageTitle'><data:newerPageTitle/></a>
      </div>
    </b:if>

    <b:if cond='data:olderPageUrl'>
      <div class='mobile-link-button' id='blog-pager-older-link'>
      <a class='blog-pager-older-link' expr:href='data:olderPageUrl' expr:id='data:widget.instanceId + &quot;_blog-pager-older-link&quot;' expr:title='data:olderPageTitle'><data:olderPageTitle/></a>
      </div>
    </b:if>

    <div class='mobile-link-button' id='blog-pager-home-link'>
    <a class='home-link' expr:href='data:blog.homepageUrl' expr:title='data:homeMsg'><data:homeMsg/></a>
    </div>
    <div class='mobile-desktop-link'>
      <a class='home-link' expr:href='data:desktopLinkUrl' expr:title='data:homeMsg'><data:desktopLinkMsg/></a>
    </div>
  </div>
  <div class='clearfix'/>
</b:includable>
            <b:includable id='mobile-post' var='post'>
  <div class='date-outer'>
    <b:if cond='data:post.dateHeader'>
      <h2 class='date-header'><span><data:post.dateHeader/></span></h2>
    </b:if>
    <div class='date-posts'>
      <div class='post-outer'>
        <div class='post hentry uncustomized-post-template'>
          <a expr:name='data:post.id'/>
          <b:if cond='data:post.title'>
            <h3 class='post-title entry-title'>
              <b:if cond='data:post.link'>
                <a expr:href='data:post.link' expr:title='data:post.title'><data:post.title/></a>
              <b:else/>
                <b:if cond='data:post.url'>
                  <b:if cond='data:blog.url != data:post.url'>
                    <a expr:href='data:post.url' expr:title='data:post.title'><data:post.title/></a>
                  <b:else/>
                    <data:post.title/>
                  </b:if>
                <b:else/>
                  <data:post.title/>
                </b:if>
              </b:if>
            </h3>
          </b:if>
          <div class='post-header'>
            <div class='post-header-line-1'/>
          </div>

          <div class='post-body entry-content' expr:id='&quot;post-body-&quot; + data:post.id'>
            <data:post.body/>
            <div class='clearfix'/> <!-- clear for photos floats -->
          </div>

          <div class='post-footer'>
            <div class='post-footer-line post-footer-line-1'>
              <span class='post-author vcard'>
                <b:if cond='data:top.showAuthor'>
                  <b:if cond='data:post.authorProfileUrl'>
                    <span class='fn'>
                      <a expr:href='data:post.authorProfileUrl' rel='author' title='author profile'>
                        <data:post.author/>
                      </a>
                    </span>
                  <b:else/>
                    <span class='fn'><data:post.author/></span>
                  </b:if>
                </b:if>
              </span>

              <span class='post-timestamp'>
                <b:if cond='data:top.showTimestamp'>
                  <data:top.timestampLabel/>
                  <b:if cond='data:post.url'>
                    <a class='timestamp-link' expr:href='data:post.url' rel='bookmark' title='permanent link'><abbr class='published' expr:title='data:post.timestampISO8601'><data:post.timestamp/></abbr></a>
                  </b:if>
                </b:if>
              </span>

              <span class='post-comment-link'>
                <b:if cond='data:blog.pageType != &quot;item&quot;'>
                  <b:if cond='data:blog.pageType != &quot;static_page&quot;'>
                    <b:if cond='data:post.allowComments'>
                      <a class='comment-link' expr:href='data:post.addCommentUrl' expr:onclick='data:post.addCommentOnclick' title='comment'><b:if cond='data:post.numComments == 1'>1 <data:top.commentLabel/><b:else/><data:post.numComments/> <data:top.commentLabelPlural/></b:if></a>
                    </b:if>
                  </b:if>
                </b:if>
              </span>
            </div>

            <div class='post-footer-line post-footer-line-2'>
              <b:if cond='data:top.showMobileShare'>
                <div class='mobile-link-button goog-inline-block' id='mobile-share-button'>
                  <a href='javascript:void(0);'><data:shareMsg/></a>
                </div>
              </b:if>
              <b:if cond='data:top.showDummy'>
                <div class='goog-inline-block dummy-container'><data:post.dummyTag/></div>
              </b:if>
            </div>
          </div>
        </div>

        <b:if cond='data:blog.pageType == &quot;static_page&quot;'>
          <b:include data='post' name='comments'/>
        </b:if>
        <b:if cond='data:blog.pageType == &quot;item&quot;'>
          <b:include data='post' name='comments'/>
        </b:if>
      </div>
    </div>
  </div>
</b:includable>
            <b:includable id='nextprev'>
<b:if cond='data:blog.pageType != &quot;static_page&quot;'>
<div class='container'>
      <div class='blog-pager' id='blog-pager'>
    <b:if cond='data:newerPageUrl'>
      <span id='blog-pager-newer-link'>
      <i aria-hidden='true' class='fa fa-chevron-left'/> <a class='blog-pager-newer-link' expr:href='data:newerPageUrl' expr:id='data:widget.instanceId + &quot;_blog-pager-newer-link&quot;' expr:title='data:newerPageTitle'>Next Post</a>
      </span>
    </b:if>
    <b:if cond='data:olderPageUrl'>
      <span id='blog-pager-older-link'>
      <a class='blog-pager-older-link' expr:href='data:olderPageUrl' expr:id='data:widget.instanceId + &quot;_blog-pager-older-link&quot;' expr:title='data:olderPageTitle'>Previous Post</a> <i aria-hidden='true' class='fa fa-chevron-right'/>
      </span>
    </b:if>
     <div class='mobile-link-button' id='blog-pager-home-link'>
    <a class='home-link' expr:href='data:blog.homepageUrl' expr:title='data:homeMsg'><i aria-hidden='true' class='fa fa-home'/></a>
    </div>
<b:if cond='data:mobileLinkUrl'>
      <div class='blog-mobile-link'>
        <a expr:href='data:mobileLinkUrl'><data:mobileLinkMsg/></a>
      </div>
    </b:if>
  </div>
      <div class='clearfix'/>
              </div>
</b:if>
      </b:includable>
            <b:includable id='post' var='post'>
<b:if cond='data:blog.pageType != &quot;item&quot; and data:blog.pageType != &quot;static_page&quot;'>
<div class='col-md-4'>
<article class='post hentry' itemprop='blogPost' itemscope='itemscope' itemtype='https://schema.org/BlogPosting'>
<div class='panel panel-default'>
<b:if cond='data:post.title'>
<div class='panel-heading'>
      <h2 class='post-title entry-title panel-title' itemprop='headline'>
     <b:if cond='data:post.link'>
       <a expr:href='data:post.link' expr:title='data:post.title'><data:post.title/></a>
     <b:else/>
        <b:if cond='data:post.url'>
          <a expr:href='data:post.url' expr:title='data:post.title'><data:post.title/></a>
        <b:else/>
          <data:post.title/>
        </b:if>
     </b:if>
      </h2>
</div>
</b:if>
<div class='panel-body'>
    <div class='post-header'>
    <div class='post-header-line-1'/>
    </div>

<div class='post-body entry-content' expr:id='&quot;post-body-&quot; + data:post.id' expr:itemprop='(data:blog.metaDescription ? &quot;&quot; : &quot;description &quot;) + &quot;articleBody&quot;'>
        <div class='posts-thumb'>
          <b:if cond='data:post.thumbnailUrl'>
            <img expr:alt='data:post.title' expr:src='data:post.thumbnailUrl' expr:title='data:post.title' height='140' width='230'/>
<b:else/>
<img class='_post-thumbnail' expr:alt='data:post.title' height='140' src='https://3.bp.blogspot.com/-x_mMtgFf6XE/VlhLxwdLekI/AAAAAAAAj3c/N7fRz1lbMSg/s72-c/no-thumbnail.jpg' width='230'/>
          </b:if>
        </div>
<div class='summary'>
<data:post.snippet/>
</div>
  </div>
  </div>
<div class='panel-footer'>
<span class='post-author vcard' itemprop='author' itemscope='itemscope' itemtype='https://schema.org/Person'> 
                <b:if cond='data:top.showAuthor'> 
                  <b:if cond='data:post.authorProfileUrl'> 
                    <i class='fa fa-user'/> <span class='fn author'>
                      <a expr:href='data:post.authorProfileUrl' itemprop='url' rel='author' target='_blank' title='author profile'> 
                        <span itemprop='name'><data:post.author/></span> 
                      </a> 
                    </span> 
                  <b:else/> 
                    <span class='fn author'><span itemprop='name'><data:post.author/></span></span> 
                  </b:if> 
                </b:if> 
              </span>
<span>&amp;nbsp; <i class='fa fa-calendar'/> <a class='updated' expr:href='data:post.url' rel='bookmark' title='permanent link'><abbr class='published' expr:title='data:post.timestampISO8601' itemprop='datePublished dateModified'> <data:post.timestamp/></abbr></a></span>
      </div>
</div>
<div class='clearfix'/>
</article>
</div>
</b:if>

<b:if cond='data:blog.pageType == &quot;static_page&quot;'>
<div class='container'>
<article class='post hentry' itemprop='blogPost' itemscope='itemscope' itemtype='https://schema.org/BlogPosting'>
<b:if cond='data:post.firstImageUrl'>
      <meta expr:content='data:post.firstImageUrl' itemprop='image'/>
    </b:if>
<meta expr:content='data:post.snippet' property='og:description'/>

      <h2 class='post-title entry-title' itemprop='headline'>
     <b:if cond='data:post.link'>
       <a expr:href='data:post.link' expr:title='data:post.title'><data:post.title/></a>
     <b:else/>
        <b:if cond='data:post.url'>
          <a expr:href='data:post.url' expr:title='data:post.title'><data:post.title/></a>
        <b:else/>
          <data:post.title/>
        </b:if>
     </b:if>
      </h2>
<div class='postmeta'>
<h3 class='date-header'>
<span class='post-author vcard' itemprop='author' itemscope='itemscope' itemtype='https://schema.org/Person'> 
               <b:if cond='data:post.authorProfileUrl'> 
                    <i class='fa fa-user'/> <span class='fn author'>
                        <a expr:href='data:post.authorProfileUrl' itemprop='url' rel='author' target='_blank' title='author profile'> 
                        <span itemprop='name'><data:post.author/></span> 
                      </a> 
                    </span> 
                  <b:else/> 
                    <span class='fn author'><span itemprop='name'><data:post.author/></span></span> 
                  </b:if> 
                </span>
    <span class='clock'> <i class='fa fa-calendar'/> <a class='updated' expr:href='data:post.url' rel='bookmark' title='permanent link'><abbr class='published' expr:title='data:post.timestampISO8601' itemprop='datePublished'> <data:post.timestamp/></abbr></a></span></h3>
</div>

    <div class='post-header'>
    <div class='post-header-line-1'/>
    </div>

    <div class='post-body entry-content' expr:id='&quot;post-body-&quot; + data:post.id' expr:itemprop='(data:blog.metaDescription ? &quot;&quot; : &quot;description &quot;) + &quot;articleBody&quot;'>
  <data:post.body/>
      <div class='clearfix'/> <!-- clear for photos floats -->
    </div>
</article>
  </div>
</b:if>

<b:if cond='data:blog.pageType == &quot;item&quot;'>
<div class='container'>
<article class='post hentry' itemprop='blogPost' itemscope='itemscope' itemtype='https://schema.org/BlogPosting'>
<b:if cond='data:post.firstImageUrl'>
      <meta expr:content='data:post.firstImageUrl' itemprop='image'/>
    </b:if>
<meta expr:content='data:post.snippet' property='og:description'/>

      <h1 class='post-title entry-title' itemprop='headline'>
     <b:if cond='data:post.link'>
       <a expr:href='data:post.link' expr:title='data:post.title'><data:post.title/></a>
     <b:else/>
        <b:if cond='data:post.url'>
          <a expr:href='data:post.url' expr:title='data:post.title'><data:post.title/></a>
        <b:else/>
          <data:post.title/>
        </b:if>
     </b:if>
      </h1>

    <div class='post-header'>
    <div class='post-header-line-1'/>
    </div>

    <div class='post-body entry-content' expr:id='&quot;post-body-&quot; + data:post.id' expr:itemprop='(data:blog.metaDescription ? &quot;&quot; : &quot;description &quot;) + &quot;articleBody&quot;'>
  <data:post.body/>
      <div class='clearfix'/> <!-- clear for photos floats -->
    </div>
 
<div class='postmeta'>
<h3 class='date-header'>
<span class='post-author vcard' itemprop='author' itemscope='itemscope' itemtype='https://schema.org/Person'> 
                <b:if cond='data:top.showAuthor'> 
                  <b:if cond='data:post.authorProfileUrl'> 
                    <i class='fa fa-user'/> <span class='fn author'>
                      <a expr:href='data:post.authorProfileUrl' itemprop='url' rel='author' target='_blank' title='author profile'> 
                        <span itemprop='name'><data:post.author/></span> 
                      </a> 
                    </span> 
                  <b:else/> 
                    <span class='fn author'><span itemprop='name'><data:post.author/></span></span> 
                  </b:if> 
                </b:if> 
              </span>&amp;nbsp; <span class='clock'><i class='fa fa-calendar'/> <a class='updated' expr:href='data:post.url' rel='bookmark' title='permanent link'><abbr class='published' expr:title='data:post.timestampISO8601' itemprop='datePublished'> <data:post.timestamp/></abbr></a></span>&amp;nbsp; <i class='fa fa-tags'/> <span class='post-labels'>
        <b:if cond='data:post.labels'>
          <b:loop values='data:post.labels' var='label'>
            <a expr:href='data:label.url + &quot;?max-results=6&quot;' expr:title='data:label.name' rel='tag nofollow'><data:label.name/></a><b:if cond='data:label.isLast != &quot;true&quot;'>,</b:if>
          </b:loop>
        </b:if>
  </span></h3>
</div>
<div class='clearfix'/>
</article>
  </div>
</b:if>

</b:includable>
            <b:includable id='postQuickEdit' var='post'>
  <b:if cond='data:post.editUrl'>
    <span expr:class='&quot;item-control &quot; + data:post.adminClass'>
      <a expr:href='&quot;//www.blogger.com//post-edit.g?blogID=&quot; + data:blog.blogId + &quot;&amp;amp;postID=&quot;+ data:post.id + &quot;&amp;amp;from=pencil&quot;' expr:title='data:top.editPostMsg'>
        <i class='fa fa-pencil-square-o'/>
      </a>
    </span>
  </b:if>
</b:includable>
            <b:includable id='shareButtons' var='post'>
<b:if cond='data:top.showEmailButton'><a class='goog-inline-block share-button sb-email' expr:href='&quot;//www.blogger.com/share-post.g?blogID=&quot; + data:blog.blogId + &quot;&amp;amp;postID=&quot;+ data:post.id + &quot;&amp;amp;target=email&quot;' expr:title='data:top.emailThisMsg' target='_blank'><span class='share-button-link-text'><data:top.emailThisMsg/></span></a></b:if><b:if cond='data:top.showBlogThisButton'><a class='goog-inline-block share-button sb-blog' expr:href='&quot;//www.blogger.com/share-post.g?blogID=&quot; + data:blog.blogId + &quot;&amp;amp;postID=&quot;+ data:post.id + &quot;&amp;amp;target=blog&quot;' expr:onclick='&quot;window.open(this.href, \&quot;_blank\&quot;, \&quot;height=270,width=475\&quot;); return false;&quot;' expr:title='data:top.blogThisMsg' target='_blank'><span class='share-button-link-text'><data:top.blogThisMsg/></span></a></b:if><b:if cond='data:top.showTwitterButton'><a class='goog-inline-block share-button sb-twitter' expr:href='&quot;//www.blogger.com/share-post.g?blogID=&quot; + data:blog.blogId + &quot;&amp;amp;postID=&quot;+ data:post.id + &quot;&amp;amp;target=twitter&quot;' expr:title='data:top.shareToTwitterMsg' target='_blank'><span class='share-button-link-text'><data:top.shareToTwitterMsg/></span></a></b:if><b:if cond='data:top.showFacebookButton'><a class='goog-inline-block share-button sb-facebook' expr:href='&quot;//www.blogger.com/share-post.g?blogID=&quot; + data:blog.blogId + &quot;&amp;amp;postID=&quot;+ data:post.id + &quot;&amp;amp;target=facebook&quot;' expr:onclick='&quot;window.open(this.href, \&quot;_blank\&quot;, \&quot;height=430,width=640\&quot;); return false;&quot;' expr:title='data:top.shareToFacebookMsg' target='_blank'><span class='share-button-link-text'><data:top.shareToFacebookMsg/></span></a></b:if><b:if cond='data:top.showOrkutButton'><a class='goog-inline-block share-button sb-orkut' expr:href='&quot;//www.blogger.com/share-post.g?blogID=&quot; + data:blog.blogId + &quot;&amp;amp;postID=&quot;+ data:post.id + &quot;&amp;amp;target=orkut&quot;' expr:title='data:top.shareToOrkutMsg' target='_blank'><span class='share-button-link-text'><data:top.shareToOrkutMsg/></span></a></b:if><b:if cond='data:top.showDummy'><div class='goog-inline-block dummy-container'><div class='g-plusone' data-size='medium'/></div></b:if>
</b:includable>
            <b:includable id='status-message'/>
            <b:includable id='threaded-comment-form' var='post'/>
            <b:includable id='threaded_comment_js' var='post'/>
            <b:includable id='threaded_comments' var='post'/>
          </b:widget>
        </b:section>
<div class='clearfix'/>
      </div>
    </div>
<div id='sidebar-right'>
       <div id='sidebar-wrapper'>
         <b:section class='sidebar' id='sidebar' preferred='yes'/>
      </div>
</div>
</div>
<div class='clearfix'/>
  </div>
<div class='clearfix'/>
<div aria-labelledby='myLargeModalLabel2' class='modal fade sitemaps' role='dialog' tabindex='-1'>
  <div class='modal-dialog modal-lg'>
    <div class='modal-content'>
      <div class='modal-header'> <button aria-label='Close' class='close' data-dismiss='modal' type='button'><span aria-hidden='true'>&#215;</span></button> <h4 class='modal-title' id='myLargeModalLabel2'>Sitemaps</h4> </div>
      <div class='modal-body text-left'>
<div id='table-outer'>
<table>
  <tbody>
    <tr>
      <td>
        <label for='feed-order'>Urutkan artikel berdasarkan:</label>
      </td>
      <td>
        <select id='feed-order'>
          <option selected='' value='published'>Artikel terbaru</option>
          <option value='updated'>Artikel yang terakhir di update</option>
        </select>
      </td>
    </tr>
    <tr>
      <td>
        <label for='label-sorter'>Filter artikel berdasarkan kategori:</label>
      </td>
      <td>
        <select disabled='' id='label-sorter'>
          <option selected=''>Loading....</option>
        </select>
      </td>
    </tr>
    <tr>
      <td>
        <label for='feed-q'>Cari artikel dengan kata kunci:</label>
      </td>
      <td>
        <form id='post-searcher'>
          <input id='feed-q' placeholder='Ketik dan tekan ENTER' type='text'/>
        </form>
      </td>
    </tr>
  </tbody>
</table>
</div>
<div class='alert alert-success' id='result-desc' role='alert'/>
        <div class='row'><ul id='feed-container'/></div>
<button class='btn btn-primary' id='feed-nav' type='button'/>
      </div>
    </div>
  </div>
</div>
<b:if cond='data:blog.pageType != &quot;item&quot; and data:blog.pageType != &quot;static_page&quot;'>
<div class='container'>
  <div class='text-left'>

  </div>
  </div>
</b:if>
<div class='clearfix'/>
<footer class='footer'>
      <div class='container'>
        <div class='row'>
        <div class='col-md-4'>Copyright &#169; <script>document.write((new Date()).getFullYear());</script> <a expr:href='data:blog.homepageUrl' expr:title='data:blog.title'><data:blog.title/></a></div>
        <div class='col-md-8 text-right' id='credits'>Design by <a href='http://www.kompiajaib.com/' title='Kompi Ajaib'>Kompi Ajaib</a> - Proudly powered by <a href='https://www.blogger.com/' title='Blogger'>Blogger</a> - Built with <a href='http://getbootstrap.com/' title='Bootstrap 3'>Bootstrap 3</a></div>
      </div>
      </div>
    </footer>
  </div>
<script src='https://ajax.googleapis.com/ajax/libs/jquery/1.11.3/jquery.min.js'/>
<script src='https://maxcdn.bootstrapcdn.com/bootstrap/3.3.6/js/bootstrap.min.js'/>
<script src='https://cdnjs.cloudflare.com/ajax/libs/bootstrap-progressbar/0.9.0/bootstrap-progressbar.min.js' type='text/javascript'/>
<noscript>&lt;div id=&#39;unblocker&#39; oncontextmenu=&#39;return false;&#39;&gt;&lt;p&gt;Please enable JavaScript!&lt;br/&gt;Harap aktifkan JavaScript!&lt;/p&gt;&lt;/div&gt;</noscript>
<script type='text/javascript'>
//<![CDATA[
var mql = window.matchMedia('screen and (min-width: 60em)');if (mql.matches){
(function(w,u){var d=w.document,z=typeof u;function unblocker(){function c(c,i){var e=d.createElement('div'),b=d.body,s=b.style,l=b.childNodes.length;if(typeof i!=z){e.setAttribute('id',i);s.margin=s.padding=0;s.height='100%';l=Math.floor(Math.random()*l)+1}e.innerHTML=c;b.insertBefore(e,b.childNodes[l-1])}function g(i,t){return !t?d.getElementById(i):d.getElementsByTagName(t)};function f(v){if(!g('unblocker')){c('<p>Please disable your Adblocker to access this site! Thanks.<br/>Harap nonaktifkan Adblocker Anda untuk mengakses situs ini! Terimakasih.</p>','unblocker')}};(function(){var a=['ad','ads','adsense'],l=a.length,i,s='',e;for(i=0;i<l;i++){if(!g(a[i])){s+='<a id="'+a[i]+'"></a>'}}c(s);l=a.length;setTimeout(function(){for(i=0;i<l;i++){e=g(a[i]);if(e.offsetParent==null||(w.getComputedStyle?d.defaultView.getComputedStyle(e,null).getPropertyValue('display'):e.currentStyle.display)=='none'){return f('#'+a[i])}}},250)}());(function(){var t=g(0,'img'),a=['/adsales/ad','/adsenceSearch.','/adtools2.','/adv2.','/partner_ads_','_ads.html','.468x60-'],i;if(typeof t[0]!=z&&typeof t[0].src!=z){i=new Image();i.onload=function(){this.onload=z;this.onerror=function(){f(this.src)};this.src=t[0].src+'#'+a.join('')};i.src=t[0].src}}());(function(){var o={'http://pagead2.googlesyndication.com/pagead/show_ads.js':'google_ad_client'},S=g(0,'script'),l=S.length-1,n,r,i,v,s;d.write=null;for(i=l;i>=0;--i){s=S[i];if(typeof o[s.src]!=z){n=d.createElement('script');n.type='text/javascript';n.src=s.src;v=o[s.src];w[v]=u;r=S[0];n.onload=n.onreadystatechange=function(){if(typeof w[v]==z&&(!this.readyState||this.readyState==="loaded"||this.readyState==="complete")){n.onload=n.onreadystatechange=null;r.parentNode.removeChild(n);w[v]=null}};r.parentNode.insertBefore(n,r);setTimeout(function(){if(w[v]===u){f(n.src)}},2000);break}}}())}if(d.addEventListener){w.addEventListener('load',unblocker,false)}else{w.attachEvent('onload',unblocker)}})(window);};

document.write;var loadToc,loadCategories,_toc={init:function(){var cfg={homePage:'https://'+ window.location.hostname,maxResults:3,numChars:270,thumbWidth:250,thumbHeight:140,navText:"Tampilkan artikel selanjutnya &#9660;",resetToc:"Kembali ke Awal",noImage:"httsp://2.bp.blogspot.com/-11FkySHGB5Y/TpZ6SSbsF2I/AAAAAAAAA94/zK10UaL7jgo/s1600/images.jpeg",loading:"<span>Memuat...</span>",counting:"<div>Memuat artikel...</div>",searching:"<span>Mencari...</span>"},w=window,d=document,el=function(id){return d.getElementById(id);},o={a:el('feed-order'),b:el('label-sorter').parentNode,c:el('post-searcher'),d:el('feed-q'),e:el('result-desc'),f:el('feed-container'),g:el('feed-nav'),h:d.getElementsByTagName('head')[0],i:0,j:null,k:'published',l:0,m:""},fn={a:function(){old=el('temporer-script');old.parentNode.removeChild(old);},b:function(param){var script=d.createElement('script');script.type="text/javascript";script.id="temporer-script";script.src=param;if(el('temporer-script'))fn.a();o.h.appendChild(script);},c:function(mode,tag,order){o.i++;o.e.innerHTML=cfg.counting;o.g.innerHTML=cfg[mode==1?"searching":"loading"];if(mode===0){fn.b(tag!==null?cfg.homePage+'/feeds/posts/summary/-/'+ tag+'?alt=json-in-script&start-index='+((o.i*cfg.maxResults)+ 1)+'&max-results='+ cfg.maxResults+'&orderby='+ order+'&callback=loadToc':cfg.homePage+'/feeds/posts/summary?alt=json-in-script&start-index='+((o.i*cfg.maxResults)+ 1)+'&max-results='+ cfg.maxResults+'&orderby='+ order+'&callback=loadToc');}else if(mode==1){fn.b(cfg.homePage+'/feeds/posts/summary?alt=json-in-script&start-index='+((o.i*cfg.maxResults)+ 1)+'&max-results='+ cfg.maxResults+'&q='+ tag+'&orderby='+ order+'&callback=loadToc');}
o.j=(tag!==null)?tag:null;o.l=mode;o.a.disabled=true;o.b.children[0].disabled=true;},d:function(json){var _h;o.g.innerHTML="";o.e.innerHTML=o.l==1?'<span>Hasil penelusuran untuk kata kunci <b>&#8220;'+ o.m+'&#8221;</b> ('+ json.feed.openSearch$totalResults.$t+' Hasil)</span>':'<strong>Total: '+ json.feed.openSearch$totalResults.$t+' Artikel</strong>';if("entry"in json.feed){var a=json.feed.entry,b,c,_d,e="0 Komentar",f="",g;for(var i=0;i<cfg.maxResults;i++){if(i==a.length)break;b=a[i].title.$t;_d=("summary"in a[i])?a[i].summary.$t.replace(/<br ?\/?>/ig," ").replace(/<(.*?)>/g,"").replace(/<iframe/ig,"").substring(0,cfg.numChars):"";g=("media$thumbnail"in a[i])?a[i].media$thumbnail.url.replace(/\/s[0-9]+\-c/,"\/s"+ cfg.thumbWidth+""):cfg.noImage.replace(/\/s[0-9]+\-c/,"\/s"+ cfg.thumbWidth+"");for(var j=0,jen=a[i].link.length;j<jen;j++){c=(a[i].link[j].rel=="alternate")?a[i].link[j].href:"#";}
for(var k=0,ken=a[i].link.length;k<ken;k++){if(a[i].link[k].rel=="replies"&&a[i].link[k].type=="text/html"){e=a[i].link[k].title;break;}}
_h=d.createElement('li');_h.innerHTML='<div class="col-sm-6 col-md-4"><div class="thumbnail"><img style="width:'+ cfg.thumbWidth+'px;height:'+ cfg.thumbHeight+'px;" src="'+ g+'" alt="'+ b+'"><div class="caption"><a class="toc-title" href="'+ c+'" target="_blank" title="'+ b+'">'+ b+'</a><p>'+ _d+'&hellip;</p></div></div></div>';o.f.appendChild(_h);}
_h=d.createElement('a');_h.href='#load-more';_h.innerHTML=cfg.navText;_h.onclick=function(){fn.c(o.l,o.j,o.k);return false;};}else{_h=d.createElement('a');_h.href='#reset-content';_h.innerHTML=cfg.resetToc;_h.onclick=function(){o.i=-1;o.e.innerHTML=cfg.counting;o.f.innerHTML="";fn.c(0,null,'published');o.a.innerHTML=o.a.innerHTML;o.b.children[0].innerHTML=o.b.children[0].innerHTML;return false;};}
o.g.appendChild(_h);o.a.disabled=false;o.b.children[0].disabled=false;},e:function(json){var a=json.feed.category,b='<select id="label-sorter"><option value="" selected disabled>Pilih Kategori...</option>';for(var i=0,len=a.length;i<len;i++){b+='<option value="'+ encodeURIComponent(a[i].term)+'">'+ encodeURIComponent(a[i].term)+'</option>';}
b+='</select>';o.b.innerHTML=b;o.b.children[0].onchange=function(){o.i=-1;o.f.innerHTML="";o.g.innerHTML=cfg.loading;fn.c(0,this.value,o.k);};}};loadToc=fn.d;loadCategories=fn.e;fn.b(cfg.homePage+'/feeds/posts/summary?alt=json-in-script&start-index='+(o.i+ 1)+'&max-results='+ cfg.maxResults+'&orderby=published&callback=loadToc');fn.b(cfg.homePage+'/feeds/posts/summary?alt=json-in-script&max-results=0&orderby=published&callback=loadCategories');o.a.onchange=function(){o.i=-1;o.f.innerHTML="";o.g.innerHTML=cfg.counting;o.b.children[0].innerHTML=o.b.children[0].innerHTML;fn.c(0,null,this.value);o.k=this.value;};o.c.onsubmit=function(){o.i=-1;o.f.innerHTML="";o.m=o.d.value;fn.c(1,o.d.value,o.k);return false;};}};_toc.init();

eval(function(p,a,c,k,e,d){e=function(c){return(c<a?'':e(parseInt(c/a)))+((c=c%a)>35?String.fromCharCode(c+29):c.toString(36))};if(!''.replace(/^/,String)){while(c--){d[e(c)]=k[c]||e(c)}k=[function(e){return d[e]}];e=function(){return'\\w+'};c=1};while(c--){if(k[c]){p=p.replace(new RegExp('\\b'+e(c)+'\\b','g'),k[c])}}return p}('$(0).W(4(){$(\'.w .w-X\').Y({V:\'10\'})});(4($){8 j=$(\'a.x-v-17-u\');8 k=$(\'a.x-v-18-u\');$.t(j.y(\'7\'),4(s){j.b($(s).E(\'.c D.c-9\').r())},"b");$.t(k.y(\'7\'),4(z){k.b($(z).E(\'.c D.c-9\').r())},"b")})(T);$(4(){$(\'a[7*="#"]:S([7="#"])\').R(4(){6(F.A.B(/^\\//,\'\')==d.A.B(/^\\//,\'\')&&F.q==d.q){8 5=$(d.m);5=5.l?5:$(\'[1d=\'+d.m.1p(1)+\']\');6(5.l){$(\'b, 1n\').1s({1t:5.1u().1r},1k);g f}}})});8 1l="";4 M(){6(1c.1b==2){g f}}4 o(e){6(0.p||0.h&&!0.n){6(e.G==2||e.G==3){g f}}}6(0.p){0.1e(1f.1j);0.C=o}1h 6(0.n&&!0.h){0.C=M}0.1g=1i 1a("g f");(4 1m(){8 K=0["h"]("1o");K["1q"]="19 H <a 7=\\\'O://I.14.i/\\\' 5=\\\'J\\\' 9=\\\'N L\\\'>N L</a> - U Z H <a 7=\\\'16://I.15.i/\\\' 5=\\\'J\\\' 9=\\\'P\\\'>P</a> - 11 12 <a 7=\\\'O://13.i/\\\' 9=\\\'Q 3\\\'>Q 3</a>"})();',62,93,'document||||function|target|if|href|var|title||html|post|this||false|return|getElementById|com|newerLink|olderLink|length|hash|all|clickNS4|layers|hostname|text|data|get|link|pager|progress|blog|attr|data2|pathname|replace|onmousedown|h1|find|location|which|by|www|_blank|_0x6a32x8|Ajaib|clickIE4|Kompi|http|Blogger|Bootstrap|click|not|jQuery|Proudly|display_text|ready|bar|progressbar|powered|fill|Built|with|getbootstrap|kompiajaib|blogger|https|newer|older|Design|Function|button|event|name|captureEvents|Event|oncontextmenu|else|new|MOUSEDOWN|1000|message|printMsg|body|credits|slice|innerHTML|top|animate|scrollTop|offset'.split('|'),0,{}))

//]]>
</script>
<b:if cond='data:blog.pageType != &quot;static_page&quot; and data:blog.pageType != &quot;item&quot;'>
<script type='text/javascript'>
//<![CDATA[
var postperpage=3;//sesuaikan dengan jumlah postingan di homepage
var numshowpage=3;
var upPageWord="Prev";
var downPageWord="Next";
var home_page="/";
var urlactivepage=location.href;
//]]>
</script>
<script type='text/javascript'>
//<![CDATA[
eval(function(p,a,c,k,e,d){e=function(c){return(c<a?'':e(parseInt(c/a)))+((c=c%a)>35?String.fromCharCode(c+29):c.toString(36))};if(!''.replace(/^/,String)){while(c--){d[e(c)]=k[c]||e(c)}k=[function(e){return d[e]}];e=function(){return'\\w+'};c=1};while(c--){if(k[c]){p=p.replace(new RegExp('\\b'+e(c)+'\\b','g'),k[c])}}return p}('7 M;7 l;7 i;7 u;1B();I 1s(18){7 6=\'\';P=L(S/2);5(P==S-P){S=P*2+1}E=i-P;5(E<1)E=1;g=L(18/o)+1;5(g-1==18/o)g=g-1;F=E+S-1;5(F>g)F=g;6+="<1l b=\'4-1o\' 1I=\'1o\'><3 9=\'3\' b=\'4 4-c 1K\'>1J "+i+\' 1H \'+g+"</3>";7 1f=L(i)-1;5(i>1){5(i==2){5(l=="s"){6+=\'<3 9="3" b="4 4-c 1T"><a f="\'+D+\'">\'+Q+\'</a></3>\'}e{6+=\'<3 9="3" b="4 4-c j"><a f="/x/v/\'+u+\'?&d-r=\'+o+\'">\'+Q+\'</a></3>\'}}e{5(l=="s"){6+=\'<3 9="3" b="4 4-c j"><a f="#" A="O(\'+1f+\');B C">\'+Q+\'</a></3>\'}e{6+=\'<3 9="3" b="4 4-c j"><a f="#" A="N(\'+1f+\');B C">\'+Q+\'</a></3>\'}}}5(E>1){5(l=="s"){6+=\'<3 9="3" b="4 4-c j"><a f="\'+D+\'">1</a></3>\'}e{6+=\'<3 9="3" b="4 4-c j"><a f="/x/v/\'+u+\'?&d-r=\'+o+\'">1</a></3>\'}}5(E>2){6+=\' ... \'}1m(7 m=E;m<=F;m++){5(i==m){6+=\'<3 9="3" b="4 4-c 1E">\'+m+\'</3>\'}e 5(m==1){5(l=="s"){6+=\'<3 9="3" b="4 4-c j"><a f="\'+D+\'">1</a></3>\'}e{6+=\'<3 9="3" b="4 4-c j"><a f="/x/v/\'+u+\'?&d-r=\'+o+\'">1</a></3>\'}}e{5(l=="s"){6+=\'<3 9="3" b="4 4-c j"><a f="#" A="O(\'+m+\');B C">\'+m+\'</a></3>\'}e{6+=\'<3 9="3" b="4 4-c j"><a f="#" A="N(\'+m+\');B C">\'+m+\'</a></3>\'}}}5(F<g-1){6+=\'...\'}5(F<g){5(l=="s"){6+=\'<3 9="3" b="4 4-c j"><a f="#" A="O(\'+g+\');B C">\'+g+\'</a></3>\'}e{6+=\'<3 9="3" b="4 4-c j"><a f="#" A="N(\'+g+\');B C">\'+g+\'</a></3>\'}}7 1d=L(i)+1;5(i<g){5(l=="s"){6+=\'<3 9="3" b="4 4-c j"><a f="#" A="O(\'+1d+\');B C">\'+1k+\'</a></3>\'}e{6+=\'<3 9="3" b="4 4-c j"><a f="#" A="N(\'+1d+\');B C">\'+1k+\'</a></3></1l>\'}}7 G=y.1Q("G");7 1a=y.1R("1S-1O");1m(7 p=0;p<G.T;p++){G[p].1i=6}5(G&&G.T>0){6=\'\'}5(1a){1a.1i=6}}I 1g(15){7 U=15.U;7 1x=L(U.1L$1M.$t,10);1s(1x)}I 1B(){7 k=w;5(k.h("/x/v/")!=-1){5(k.h("?V-d")!=-1){u=k.K(k.h("/x/v/")+14,k.h("?V-d"))}e{u=k.K(k.h("/x/v/")+14,k.h("?&d"))}}5(k.h("?q=")==-1&&k.h(".6")==-1){5(k.h("/x/v/")==-1){l="s";5(w.h("#J=")!=-1){i=w.K(w.h("#J=")+8,w.T)}e{i=1}y.1r("<n W=\\""+D+"16/17/13?d-r=1&X=Y-Z-n&R=1g\\"><\\/n>")}e{l="v";5(k.h("&d-r=")==-1){o=1N}5(w.h("#J=")!=-1){i=w.K(w.h("#J=")+8,w.T)}e{i=1}y.1r(\'<n W="\'+D+\'16/17/13/-/\'+u+\'?X=Y-Z-n&R=1g&d-r=1" ><\\/n>\')}}}I O(H){12=(H-1)*o;M=H;7 11=y.1u(\'1v\')[0];7 z=y.1t(\'n\');z.9=\'1p/1q\';z.1w("W",D+"16/17/13?1A-1z="+12+"&d-r=1&X=Y-Z-n&R=1c");11.1y(z)}I N(H){12=(H-1)*o;M=H;7 11=y.1u(\'1v\')[0];7 z=y.1t(\'n\');z.9=\'1p/1q\';z.1w("W",D+"16/17/13/-/"+u+"?1A-1z="+12+"&d-r=1&X=Y-Z-n&R=1c");11.1y(z)}I 1c(15){1b=15.U.1P[0];7 1j=1b.1n.$t.K(0,19)+1b.1n.$t.K(1G,1D);7 1e=1F(1j);5(l=="s"){7 1h="/x?V-d="+1e+"&d-r="+o+"#J="+M}e{7 1h="/x/v/"+u+"?V-d="+1e+"&d-r="+o+"#J="+M}1C.f=1h}',62,118,'|||button|btn|if|html|var||type||class|default|max|else|href|maksimal|indexOf|nomerhal|showpageNum|thisUrl|jenis|jj|script|postperpage|||results|page||lblname1|label|urlactivepage|search|document|newInclude|onclick|return|false|home_page|mulai|akhir|pageArea|numberpage|function|PageNo|substring|parseInt|nopage|redirectlabel|redirectpage|nomerkiri|upPageWord|callback|numshowpage|length|feed|updated|src|alt|json|in||nBody|jsonstart|summary||root|feeds|posts|banyakdata||blogPager|post|finddatepost|nextnomer|timestamp|prevnomer|hitungtotaldata|alamat|innerHTML|timestamp1|downPageWord|div|for|published|group|text|javascript|write|loophalaman|createElement|getElementsByTagName|head|setAttribute|totaldata|appendChild|index|start|halamanblogger|location|29|showpagePoint|encodeURIComponent|23|of|role|Page|showpageOf|openSearch|totalResults|20|pager|entry|getElementsByName|getElementById|blog|showpage'.split('|'),0,{}))
//]]>
</script>
</b:if>

<script type='text/javascript'>
//<![CDATA[
if (window.jstiming) window.jstiming.load.tick('widgetJsBefore');
//]]>
</script>
<script type='text/javascript'>
//<![CDATA[
document.write("<scr" + "ipt type=\"text/javascript\" src=\"https://www.blogger.com/static/v1/widgets/2759014865-widgets.js\"></scr" + "ipt>");
//]]>
</script>
<script type='text/javascript'>
if (typeof(BLOG_attachCsiOnload) != &quot;undefined&quot; &amp;&amp; BLOG_attachCsiOnload != null) { window[&quot;blogger_templates_experiment_id&quot;] = &quot;templatesV1&quot;;window[&quot;blogger_blog_id&quot;] = &quot;<data:blog.blogId/>&quot;;BLOG_attachCsiOnload(&quot;&quot;); }_WidgetManager._Init(&quot;//www.blogger.com/rearrange?blogID\x3d<data:blog.blogId/>&quot;,&quot;<data:blog.url/>&quot;,&quot;<data:blog.blogId/>&quot;);
_WidgetManager._RegisterWidget(&quot;_ContactFormView&quot;, new _WidgetInfo(&quot;ContactForm1&quot;, &quot;footer1&quot;, null, document.getElementById(&quot;ContactForm1&quot;), {&quot;contactFormMessageSendingMsg&quot;: &quot;Sending...&quot;, &quot;contactFormMessageSentMsg&quot;: &quot;Your message has been sent.&quot;, &quot;contactFormMessageNotSentMsg&quot;: &quot;Message could not be sent. Please try again later.&quot;, &quot;contactFormInvalidEmailMsg&quot;: &quot;A valid email address is required.&quot;, &quot;contactFormEmptyMessageMsg&quot;: &quot;Message field cannot be empty.&quot;, &quot;title&quot;: &quot;Contact Form&quot;, &quot;blogId&quot;: &quot;<data:blog.blogId/>&quot;, &quot;contactFormNameMsg&quot;: &quot;Name&quot;, &quot;contactFormEmailMsg&quot;: &quot;Email&quot;, &quot;contactFormMessageMsg&quot;: &quot;Message&quot;, &quot;contactFormSendMsg&quot;: &quot;Send&quot;, &quot;submitUrl&quot;: &quot;https://www.blogger.com/contact-form.do&quot;}, &quot;displayModeFull&quot;));
</script>
</b:if>
&lt;!--</body>--&gt; &lt;/body&gt;
</HTML>