<?xml version="1.0" encoding="UTF-8" ?>
<!DOCTYPE html>
<html b:css='false' b:defaultwidgetversion='2' b:layoutsVersion='3' b:responsive='true' b:templateUrl='rockpool.xml' b:templateVersion='1.3.0' expr:dir='data:blog.languageDirection' xmlns='http://www.w3.org/1999/xhtml' xmlns:b='http://www.google.com/2005/gml/b' xmlns:data='http://www.google.com/2005/gml/data' xmlns:expr='http://www.google.com/2005/gml/expr'>
<head>
<script src='//js.growsurf.com/v1'/>
<meta charset='utf-8'/>
<meta content='IE=edge' http-equiv='X-UA-Compatible'/>
<meta content='width=device-width,minimum-scale=1,initial-scale=1' name='viewport'/>
<b:if cond='data:view.isHomepage'>
<title><data:blog.title/></title>
<b:elseif cond='data:view.isPost or data:view.isPage or data:view.search.label'/>
<title><data:blog.pageName/> | <data:blog.title/></title>
<b:elseif cond='data:view.search.query'/>
<title><data:view.search.resultsMessage/> | <data:blog.title/></title>
<b:elseif cond='data:view.search and !data:view.search.label and !data:view.search.query'/>
<title><data:blog.title/></title>
<b:elseif cond='data:view.isArchive'/>
<title><data:view.archive.rangeMessage/> | <data:blog.title/></title>
<b:elseif cond='data:view.isError'/>
<title>404 | <data:blog.title/></title>
</b:if>
<include expiration='7d' path='*.css'/>
<include expiration='7d' path='*.js'/>
<include expiration='3d' path='*.gif'/>
<include expiration='3d' path='*.jpeg'/>
<include expiration='3d' path='*.jpg'/>
<include expiration='3d' path='*.png'/>
<meta content='sat, 02 jun 2020 00:00:00 GMT' http-equiv='expires'/>
<script type='application/ld+json'>{ &quot;@context&quot;: &quot;http://schema.org&quot;, &quot;@type&quot;: &quot;WebSite&quot;, &quot;url&quot;: &quot;<data:blog.homepageUrl/>&quot;, &quot;potentialAction&quot;: { &quot;@type&quot;: &quot;SearchAction&quot;, &quot;target&quot;: &quot;<data:blog.homepageUrl/>?q={search_term}&quot;, &quot;query-input&quot;: &quot;required name=search_term&quot; } }</script>
<b:include data='blog' name='all-head-content'/>
<link href='https://cdnjs.cloudflare.com/ajax/libs/materialize/1.0.0/css/materialize.min.css' rel='stylesheet'/>

<b:skin version='1.3.0'><![CDATA[
/*
------------------------
Blogger Theme
Name	 : New Digimoclub Safelink Templates
Version	 : 1.0
Designer : imoclub
URL		 : www.digimoclub.com
------------------------
Built With materilize design
*/
/* Roboto Font */
@import url('https://fonts.googleapis.com/css?family=Roboto:400,500,700');
/* Material Icons */
@import url('https://fonts.googleapis.com/icon?family=Material+Icons');
/* Timer */
#timer{margin:auto;width:80px}.pietimer{position:relative;font-size:200px;width:1em;height:1em}.pietimer &gt;.percent{position:absolute;top:20px;left:10px;width:3.33em;font-size:14px;text-align:center;display:none}.pietimer &gt;.slice{position:absolute;width:1em;height:1em;clip:rect(0px,1em,1em,0.5em)}.pietimer &gt;.slice.gt50{clip:rect(auto,auto,auto,auto)}.pietimer &gt; .slice &gt; .pie{border:0.1em solid #c0c0c0;position:absolute;width:0.8em;/* 1 - (2 * border width) */height:0.8em;/* 1 - (2 * border width) */clip:rect(0em,0.5em,1em,0em);-moz-border-radius:0.5em;-webkit-border-radius:0.5em;border-radius:0.5em}.pietimer &gt;.slice &gt; .pie.fill{-moz-transform:rotate(180deg)!important;-webkit-transform:rotate(180deg)!important;-o-transform:rotate(180deg)!important;transform:rotate(180deg)!important}.pietimer.fill &gt; .percent{display:none}.pietimer.fill &gt; .slice &gt; .pie{border:transparent;background-color:#c0c0c0;width:1em;height:1em}
/* ADBLOCK */
.adb{position:fixed;width:100%;height:100%;left:0;top:0;bottom:0;background:rgba(51,51,51,0.7);z-index:10000;text-align:center;color:#fff;}
.adbs{margin:0 auto;width:auto;position:fixed;z-index:99999;left:50%;top:50%;transform:translate(-50%, -50%);padding:20px 30px 30px;background:rgba(51,51,51,0.5);-webkit-border-radius:12px;-moz-border-radius:12px;border-radius:12px;}
/* POSTSTYLE.CSS */
.comments,.post-feeds,.comment-form{display:none;}
.blog-posts.hfeed.container{width: 100%;max-width: 100%}
h2.center.flow-text.blue-text.text-darken-2 {margin: 5px 0 20px 0;}
.post-body{color: #666;font-size: 14px;line-height: 1.5;}
.post-body img{max-width:100%;height:auto;margin-top: 10px;margin-bottom: 10px}
.section{padding:0}
#loading, #getlink{margin-bottom: 10px;}
#gotolink{margin-top:10px}
#loading #count,.btn{font-weight:500}
.card{border: 3px solid #00695c; border-radius: 50px; margin: 25px 700px;}
@media only screen and (max-width: 500px) {.card{border: 3px solid #00695c; margin: 50px;}}
/* style.css */
.alert-success{padding: 8px 12px;background: #1ca83c;font-weight:500;color: #fff;border-radius: 4px;margin-bottom: 10px;}
.hidden {visibility: hidden;height: 0;overflow: hidden;display: none;}
.preloader-wrapper{margin-top: 20px}
.blog-feeds{display:none}
h1.brand-logo{font-size: 24px;margin: 0;line-height:64px;overflow: hidden;}
@media only screen and (max-width: 500px) {.brand-logo h1{line-height:54px;font-size: 55%;}}
body{
	font-family: Roboto, sans-serif;
}
.slider h3, .slider h5, .clients h3{
	text-shadow: 1px 1px 3px rgba(0,0,0,0.5);
}
.parallax-container{
	height: 20%;
}
.parallax img{
	filter: grayscale(1);
	opacity: 0.5!important;
}
.clients img{
	max-width: 130px;
	filter: drop-shadow(1px 1px 1px rgba(0,0,0,0.8));
}
section, footer{
	padding: 20px 0;
}
ul.social-media{
	list-style: none;
	display: flex;
	text-align: center;
}
ul.social-media li{
	display: table-column;
	margin-top: 40px;
	margin-right: auto;
	margin-left: auto;
	font-weight: 500;
}
ul.social-media li i{
	display: block;
	margin-bottom: 5px;
}
ul.social-media li a{
	color: #333;
	transition: color 0.4s;
}
ul.social-media li:hover a{
	cursor: pointer;
	color: #1976d2 ;
}
main{
	margin-top: 20px;
}
h2#post-title{
	line-height: 1.2em;
	margin: 0;
	margin-bottom: 10px;
}
ol.howtoskip{
	margin-left: 0;
	padding-left: 20px
}
ol.howtoskip li{
	font-size: 16px;
}
section.generate{
	padding-top: 40px;
	padding-bottom: 100px;
}
.nav-post{
	padding-left: 10px;
	padding-right: 10px;
}
.input-field .prefix,.input-field .prefix.active {
    color: #ff1744;
}
.input-field label {
 	color: #ff1744;
}

.input-field label.active {
color: #ff1744;	
}
.input-field input[type=text]:focus + label {
 	color: #00695c;
}
.input-field input[type=text]:focus{
	border: 1px solid #00695c;
}

.post-body img {
  max-width:100%;
  height:auto;
}



/* CSS Store Style */
#store-style{position:relative;background:#fff;display:block;overflow:hidden;padding:20px;margin:0 0 20px 0;border-radius:5px;box-shadow:4px 4px 15px rgba(0,0,0,0.1)}#store-style:nth-child(3):before{content:'\f07a';font-family:fontawesome;font-size:4rem;position:absolute;bottom:20px;right:20px;color:rgba(0,0,0,0.05)}.rio-ss{overflow:hidden;line-height:normal;margin:0;display:block;padding:10px;width:100%;float:left;color:#000;font-size:14px;font-weight:500}#store-style:hover:nth-child(3):before{;animation:swing 2s infinite}#store-style .storebutton{display:block;position:relative;background:linear-gradient(-45deg, #00e2f7, #0007ef, #00e2f7);border:3px solid #000000;color:#fff;font-weight:500;text-align:center;font-size:1rem;margin:0;padding:12px 20px;border-radius:99em;overflow:hidden;box-shadow:2px 2px 10px 0 rgba(0,0,0,0.1);transition:all 300ms cubic-bezier(0.250,0.100,0.250,1.000);transition-timing-function:cubic-bezier(0.250,0.100,0.250,1.000);background-size:100% auto}#store-style .storebutton.but2{background:#fff;color:#3498db;border:3px solid}#store-style .storebutton:hover{background:#000000;color:#fff;box-shadow:none}#store-style .storebutton.but2:hover{background:#3498db;color:#fff;box-shadow:none;border-color:#3498db}#store-style .storebutton:active{box-shadow:0 1px 0 rgba(0,0,0,0.1);background-position:right center}.but1,.but2{padding:14px}.storelist{display:flex;padding:12px 5px;width:100%;float:left;color:#000;font-weight:500;line-height:28px;transition:all .6s}.storelist:before{content:"\f046";font-style:normal;padding:5px;margin:0 5px 0 0;transition:all .6s;font-family:fontawesome;speak:none;font-weight:400;font-variant:normal;text-transform:none;line-height:1;color:#fd5228;margin-right:.5em;width:25px;height:25px;font-size:21px;-webkit-font-smoothing:antialiased}
]]></b:skin>

<b:template-skin><![CDATA[
/* CSS Admin Layout Here */
body#layout {padding: 40px 0 0;}
body#layout ul, body#layout textarea{display:none}
body#layout div.section{background-color: transparent;border: none;}
body#layout div.main.section .add_widget{display:none}
body#layout div.section h4{margin: 10px 0 2px 0;font-family: Roboto,sans-serif;font-weight: 500;font-size:12px;text-transform:uppercase;}
body#layout .add_widget{background:#fff;border:none}
body#layout a#layout-addgadget{color:#666;text-decoration:none}
]]></b:template-skin>
<script type='text/javascript'>
function mousedwn(e){try{if(event.button==2||event.button==3)return false}catch(e){if(e.which==3)return false}}document.oncontextmenu=function(){return false};document.ondragstart=function(){return false};document.onmousedown=mousedwn
</script>
<script type='text/javascript'>
function disableSelection(e){if(typeof e.onselectstart!=&quot;undefined&quot;)e.onselectstart=function(){return false};else if(typeof e.style.MozUserSelect!=&quot;undefined&quot;)e.style.MozUserSelect=&quot;none&quot;;else e.onmousedown=function(){return false};e.style.cursor=&quot;default&quot;}window.onload=function(){disableSelection(document.body)}
</script>
&lt;!--</head>--&gt;&lt;/head&gt;

<body>
  <div class='home scrollspy' id='home'/>
  	<b:if cond='data:blog.pageType in {&quot;index&quot;}'>
	  <!-- Menu Navigasi -->
      <div class='navbar-fixed'>
        <nav class='teal darken-2'>
          <div class='container'>
            <div class='nav-wrapper'>
              <h1 class='brand-logo waves-effect'><a href='#home'><data:blog.title/></a></h1>
              <a class='sidenav-trigger btn-floating pulse' data-target='mobile-nav' href='#'><i class='material-icons'>menu</i></a>
              <ul class='right hide-on-med-and-down'>
                <li class='waves-effect waves-light'><a href='https://www.digimoclub.com/'>Official</a></li>
                <li class='waves-effect waves-light'><a href='https://riset.digimoclub.com'>Tools</a></li>
                <li class='waves-effect waves-light'><a href='https://oclubsbusiness.com'>Blog</a></li>
              </ul>
            </div>
          </div>
        </nav>
      </div>
      <ul class='sidenav' id='mobile-nav'>
        <li><a href='https://www.digimoclub.com/'>Official</a></li>
        <li><a href='https://riset.digimoclub.com'>Tools</a></li>
        <li><a href='https://oclubsbusiness.com'>Blog</a></li>
      </ul>
	  
 <!-- Slider -->
      <div class='slider hide-on-large-only'>
        <ul class='slides'>
          <li>
            <img class='responsive-img' src='https://oclubsbusiness.com/wp-content/uploads/2019/02/digimoclub-digital-marketing-indonesia.jpg'/>
          </li>
          <li>
            <img class='responsive-img' src='https://oclubsbusiness.com/wp-content/uploads/2019/02/bc7d4916-7e5a-4cbe-b617-32475579a236.jpg'/>
          </li>
 <li>
            <img class='responsive-img' src='https://oclubsbusiness.com/wp-content/uploads/2019/02/digimoclub-digital-marketing-indonesia-sosmed.jpg'/>
          </li>
          <li>
            <img class='responsive-img' src='https://oclubsbusiness.com/wp-content/uploads/2019/02/f70cd547-caef-456f-9c7e-57ec5de15b99.jpg'/>
          </li>
          <li>
            <img class='responsive-img' src='https://oclubsbusiness.com/wp-content/uploads/2019/01/BANNER.jpg'/>
          </li>
        </ul>
      </div>
<div class='hide-on-large-only'>
<div id='store-style'>
<a class='storebutton but1' href='https://riset.digimoclub.com/' onclick='window.open(&apos;https://id.my-aksen.com/s/b4va9kb&apos;); return true;'>DAFTAR SEKARANG</a><br/>
<div align='center' class='rio-ss idb'>
Welcome To Digimoclub</div>
</div>
      </div>

		<!-- Generate Link -->
      <section class='generate scrollspy' id='generate'>
        <div class='container'>
            <h5 class='center light teal-text text-darken-2'><i class='material-icons small'>security</i> CLOACKING TOOLS</h5>
            <p class='center light teal-text text-darken-2'>Secure Your Destination Links From Viruses, Trojan and other Malware</p>
            <div class='center'>
              <form action=''>
                <div class='input-field'>
            <i class='material-icons prefix'>link</i>
                  <label for='generateurl'>Paste Here</label>
                  <input class='validate' id='generateurl' placeholder='use http:// or https://' required='required' type='text'/>
                  </div>
                <button class='waves-effect waves-light btn-large teal darken-2 white-text' id='btngenerate' type='button'>GENERATE NOW!</button>
              </form>
            </div>
			<div class='hidden center' id='generateloading'>
				<div class='preloader-wrapper small active'>
                  <div class='spinner-layer spinner-green-only'>
                    <div class='circle-clipper left'>
                      <div class='circle'/>
                    </div><div class='gap-patch'>
                      <div class='circle'/>
                    </div><div class='circle-clipper right'>
                      <div class='circle'/>
                    </div>
                  </div>
                </div>
			</div>
            <div class='hidden center' id='generatelink'>
              <div class='has-success'>
              <div class='input-field'>
                 <input id='resulturl' onclick='this.focus();this.select()' readonly='readonly' type='text'/>
              </div>
              <button class='copytoclipboard btn waves-effect waves-light teal darken-2 white-text' data-clipboard-action='copy' data-clipboard-target='#resulturl' id='copytoclipboard'>Copy URL</button>
              </div>
            </div>
        </div>
        <br/>
        <br/>
<div class='center'>
<a class='btn tooltipped' data-position='bottom' data-tooltip='GENERATE - COPY - Baru Klik Disini' href='https://s.id'>URL SHORTENER</a>
        </div>
<div class='col-md-4 margin-top-25'>
<div class='card'>
  <div class='card-header text-xs-center'><h3 align='center' class='center light teal-text text-darken-2'><i aria-hidden='true' class='fa fa-question-circle-o'/> <strong>STATISTIK</strong></h3></div>
  <div class='card-block'>
</div>
<div class='list-group' style='text-align:center'>
<a class='list-group-item'>
<h5 class='center light red-text text-accent-3' id='url-protected'>33924</h5>
<p class='center light teal-text text-darken-2'>URLs Protected</p>
</a>
<a class='list-group-item'>
<h5 class='center light red-text text-accent-3' id='click-served'>13819</h5>
<p class='center light teal-text text-darken-2'>Click Served</p>
</a><a class='list-group-item'>
<h5 class='center light red-text text-accent-3'>15598</h5>
<p class='center light teal-text text-darken-2'>Users</p>
</a>
<!-- Info site end -->
<script type='text/javascript'>
//<![CDATA[
//timer countdown
var _0xdac7=["\x61\x20\x66\x28\x37\x2C\x72\x2C\x6C\x29\x7B\x35\x28\x6C\x29\x7B\x32\x20\x64\x3D\x4A\x20\x51\x28\x29\x3B\x64\x2E\x78\x28\x64\x2E\x50\x28\x29\x2B\x28\x6C\x2A\x76\x2A\x74\x2A\x74\x2A\x7A\x29\x29\x3B\x32\x20\x67\x3D\x22\x3B\x20\x67\x3D\x22\x2B\x64\x2E\x43\x28\x29\x7D\x79\x20\x32\x20\x67\x3D\x22\x22\x3B\x6D\x2E\x6E\x3D\x37\x2B\x22\x3D\x22\x2B\x72\x2B\x67\x2B\x22\x3B\x20\x42\x3D\x2F\x22\x7D\x61\x20\x39\x28\x37\x29\x7B\x32\x20\x6A\x3D\x37\x2B\x22\x3D\x22\x3B\x32\x20\x6B\x3D\x6D\x2E\x6E\x2E\x41\x28\x27\x3B\x27\x29\x3B\x77\x28\x32\x20\x69\x3D\x30\x3B\x69\x3C\x6B\x2E\x62\x3B\x69\x2B\x2B\x29\x7B\x32\x20\x63\x3D\x6B\x5B\x69\x5D\x3B\x54\x28\x63\x2E\x4F\x28\x30\x29\x3D\x3D\x27\x20\x27\x29\x63\x3D\x63\x2E\x6F\x28\x31\x2C\x63\x2E\x62\x29\x3B\x35\x28\x63\x2E\x4E\x28\x6A\x29\x3D\x3D\x30\x29\x65\x20\x63\x2E\x6F\x28\x6A\x2E\x62\x2C\x63\x2E\x62\x29\x7D\x65\x20\x44\x7D\x61\x20\x68\x28\x37\x29\x7B\x66\x28\x37\x2C\x22\x22\x2C\x2D\x31\x29\x7D\x32\x20\x33\x3D\x53\x3B\x32\x20\x36\x3D\x52\x3B\x35\x28\x39\x28\x22\x34\x22\x29\x21\x3D\x71\x29\x33\x3D\x39\x28\x22\x34\x22\x29\x3B\x35\x28\x39\x28\x22\x38\x22\x29\x21\x3D\x71\x29\x36\x3D\x39\x28\x22\x38\x22\x29\x3B\x32\x20\x4D\x3D\x75\x28\x34\x2C\x4C\x29\x3B\x32\x20\x46\x3D\x75\x28\x38\x2C\x45\x29\x3B\x61\x20\x34\x28\x29\x7B\x66\x28\x22\x34\x22\x2C\x33\x2C\x73\x29\x3B\x33\x2B\x2B\x3B\x35\x28\x33\x3C\x3D\x30\x29\x7B\x68\x28\x22\x34\x22\x29\x3B\x65\x7D\x24\x28\x27\x23\x49\x2D\x4B\x27\x29\x2E\x70\x28\x33\x29\x7D\x61\x20\x38\x28\x29\x7B\x66\x28\x22\x38\x22\x2C\x36\x2C\x73\x29\x3B\x36\x2B\x2B\x3B\x35\x28\x36\x3C\x3D\x30\x29\x7B\x68\x28\x22\x38\x22\x29\x3B\x65\x7D\x24\x28\x27\x23\x48\x2D\x47\x27\x29\x2E\x70\x28\x36\x29\x7D","\x7C","\x73\x70\x6C\x69\x74","\x7C\x7C\x76\x61\x72\x7C\x63\x6F\x75\x6E\x74\x5F\x75\x72\x6C\x70\x72\x6F\x74\x65\x63\x74\x65\x64\x7C\x74\x69\x6D\x65\x72\x31\x7C\x69\x66\x7C\x63\x6F\x75\x6E\x74\x5F\x63\x6C\x69\x63\x6B\x73\x65\x72\x76\x65\x64\x7C\x6E\x61\x6D\x65\x7C\x74\x69\x6D\x65\x72\x32\x7C\x72\x65\x61\x64\x43\x6F\x6F\x6B\x69\x65\x7C\x66\x75\x6E\x63\x74\x69\x6F\x6E\x7C\x6C\x65\x6E\x67\x74\x68\x7C\x7C\x64\x61\x74\x65\x7C\x72\x65\x74\x75\x72\x6E\x7C\x63\x72\x65\x61\x74\x65\x43\x6F\x6F\x6B\x69\x65\x7C\x65\x78\x70\x69\x72\x65\x73\x7C\x65\x72\x61\x73\x65\x43\x6F\x6F\x6B\x69\x65\x7C\x7C\x6E\x61\x6D\x65\x45\x51\x7C\x63\x61\x7C\x64\x61\x79\x73\x7C\x64\x6F\x63\x75\x6D\x65\x6E\x74\x7C\x63\x6F\x6F\x6B\x69\x65\x7C\x73\x75\x62\x73\x74\x72\x69\x6E\x67\x7C\x68\x74\x6D\x6C\x7C\x75\x6E\x64\x65\x66\x69\x6E\x65\x64\x7C\x76\x61\x6C\x75\x65\x7C\x33\x36\x35\x7C\x36\x30\x7C\x73\x65\x74\x49\x6E\x74\x65\x72\x76\x61\x6C\x7C\x32\x34\x7C\x66\x6F\x72\x7C\x73\x65\x74\x54\x69\x6D\x65\x7C\x65\x6C\x73\x65\x7C\x31\x30\x30\x30\x7C\x73\x70\x6C\x69\x74\x7C\x70\x61\x74\x68\x7C\x74\x6F\x47\x4D\x54\x53\x74\x72\x69\x6E\x67\x7C\x6E\x75\x6C\x6C\x7C\x31\x35\x30\x7C\x63\x6F\x75\x6E\x74\x65\x72\x32\x7C\x73\x65\x72\x76\x65\x64\x7C\x63\x6C\x69\x63\x6B\x7C\x75\x72\x6C\x7C\x6E\x65\x77\x7C\x70\x72\x6F\x74\x65\x63\x74\x65\x64\x7C\x38\x30\x30\x7C\x63\x6F\x75\x6E\x74\x65\x72\x31\x7C\x69\x6E\x64\x65\x78\x4F\x66\x7C\x63\x68\x61\x72\x41\x74\x7C\x67\x65\x74\x54\x69\x6D\x65\x7C\x44\x61\x74\x65\x7C\x31\x30\x37\x30\x30\x7C\x36\x36\x36\x7C\x77\x68\x69\x6C\x65","","\x66\x72\x6F\x6D\x43\x68\x61\x72\x43\x6F\x64\x65","\x72\x65\x70\x6C\x61\x63\x65","\x5C\x77\x2B","\x5C\x62","\x67"];eval(function(_0xfd0ex1,_0xfd0ex2,_0xfd0ex3,_0xfd0ex4,_0xfd0ex5,_0xfd0ex6){_0xfd0ex5=function(_0xfd0ex3){return (_0xfd0ex3<_0xfd0ex2?_0xdac7[4]:_0xfd0ex5(parseInt(_0xfd0ex3/_0xfd0ex2)))+((_0xfd0ex3=_0xfd0ex3%_0xfd0ex2)>35?String[_0xdac7[5]](_0xfd0ex3+29):_0xfd0ex3.toString(36))};if(!_0xdac7[4][_0xdac7[6]](/^/,String)){while(_0xfd0ex3--){_0xfd0ex6[_0xfd0ex5(_0xfd0ex3)]=_0xfd0ex4[_0xfd0ex3]||_0xfd0ex5(_0xfd0ex3)};_0xfd0ex4=[function(_0xfd0ex5){return _0xfd0ex6[_0xfd0ex5]}];_0xfd0ex5=function(){return _0xdac7[7]};_0xfd0ex3=1};while(_0xfd0ex3--){if(_0xfd0ex4[_0xfd0ex3]){_0xfd0ex1=_0xfd0ex1[_0xdac7[6]]( new RegExp(_0xdac7[8]+_0xfd0ex5(_0xfd0ex3)+_0xdac7[8],_0xdac7[9]),_0xfd0ex4[_0xfd0ex3])}};return _0xfd0ex1}(_0xdac7[0],56,56,_0xdac7[3][_0xdac7[2]](_0xdac7[1]),0,{}))
//]]>
</script>

<!-- end panel default -->
  </div>
</div>
</div>
      </section>


		<!-- About Us -->
      <section class='about scrollspy grey lighten-3' id='about'>
        <div class='container'>
          <div class='row'>
            <h3 class='center light teal-text text-darken-2'>About Us</h3>
            <div class='col s12 center light'>
              <p style='text-align: center;'>
<span style='font-size: large; font-weight: normal;'>Situs ini adalah sebuah web aplikasi yang berguna untuk menyamarkan URL / situs tujuan anda yang asli. Sangat berguna bila anda biasa nya memakai Paid Traffic seperti Facebook Ads, Google Ads atau jasa periklanan lainnya untuk beriklan konten-konten yang tidak sesuai TOS masing-masing develepor Paid Traffic nya sehingga URL asli anda akan tetap terlihat natural melewati situs ini terlebih dahulu.</span></p>
<p style='text-align: center;'>
<span style='font-size: large; font-weight: normal;'><br/></span><span style='font-size: large; font-weight: normal;'>Tools ini sepenuhnya bisa di pakai secara GRATIS untuk Anda dan istimewa nya lagi Anda bisa melakukan request Artikel Viral yang sesuai dengan Usaha/Bisnis Anda agar dapat melakukan redirect ke Web Utama Anda.</span></p>
<h3 style='text-align: center;'>
<span style='font-size: large; font-weight: normal;'><br/></span><span style='color: red; font-size: x-large;'>BAGAIMANA CARANYA?</span><span style='font-size: large; font-weight: normal;'><br/></span><span style='font-size: large; font-weight: normal;'>Silahkan Follow Official kami lewat link-link di bawah ini untuk info lebih lanjut</span></h3>
            </div>
          </div>
        </div>
<ul class='ch-grid'>
<li><a class='btn-floating btn-large black pulse'><i class='large material-icons'>arrow_downward</i></a>
<div class='ch-item ch-img-awesome'>
<div class='ch-info'>
<h3>
OUR FANPAGE</h3>
<p>
<a href='https://web.facebook.com/imoclubonline/' target='_blank'>KLIK DISINI</a></p>
</div>
</div>
</li>
<li><a class='btn-floating btn-large black pulse'><i class='large material-icons'>arrow_downward</i></a>
<div class='ch-item ch-img-counter'>
<div class='ch-info'>
<h3>
Telegram Groups</h3>
<p>
<a href='https://t.me/BloggersIP' target='_blank'>KLIK DISINI</a></p>
</div>
</div>
</li>
<li><a class='btn-floating btn-large black pulse'><i class='large material-icons'>arrow_downward</i></a>
<div class='ch-item ch-img-kamus'>
<div class='ch-info'>
<h3>
WHATSAPP</h3>
<p>
  <a href='https://wa.me/6285347858273' target='_blank'>CONTACT NOW</a></p>
</div>
</div>
</li>
</ul>
      </section>
	
		<!-- Clients -->
      <div class='parallax-container scrollspy' id='clients'>
        <div class='parallax'><img src='https://kangenkisha.com/wp-content/uploads/2018/12/machines.jpg'/></div>

        <div class='container clients'>
         <h3 class='center white-text'>DIGIMOCLUB</h3>

        </div>
      </div>

		<!-- SERVICES -->
      <section class='services grey lighten-3 scrollspy' id='services'>
        <div class='container'>
          <div class='row'>
            <h3 class='center light teal-text text-darken-2'>Our Services</h3>
            <div class='col m4 s12'>
              <div class='card-panel center'>
                <i class='material-icons medium'>desktop_windows</i>
                <h5>Digital Marketing</h5>
                <p>Kami telah membantu lebih dari ratusan pengusaha untuk memperoleh konversi OMSET secara ONLINE dengan berbagai Optimasi mulai dari Server, Website, Sosial Media hingga Platform Chatting. Silahkan konsultasikan Usaha/Bisnis Anda secara detail agar kami dapat memberikan DATA VALID untuk mendukung proses kerja kami nantinya.</p>
              </div>
            </div>
            <div class='col m4 s12'>
              <div class='card-panel center'>
                <i class='material-icons medium'>developer_mode</i>
                <h5>Mobile Responsive</h5>
                <p>Untuk pembuatan website kami menyediakan berbagai jenis tujuan web nya seperti Web Funnel, Landing Page, Blog, Company Profile dan lain-lain. Dan yang paling utama adalah tampilan nya sangat ramah untuk di lihat dari mobile version maupun destop version.</p>
              </div>
            </div>
            <div class='col m4 s12'>
              <div class='card-panel center'>
                <i class='material-icons medium'>trending_up</i>
                <h5>Valid Data Progress</h5>
                <p>Kami akan memberikan update progress permintaan Anda berdasarkan data valid yang bisa Anda konsultasikan lagi bila menginginkan perubahan kapan pun Anda mau.</p>
              </div>
            </div>
          </div>
        </div>
      </section>

      <section class='blog scrollspy' id='blog'>
        <div class='container'>
            <h3 class='center light teal-text text-darken-2'>Our Blog</h3>
          	<ul id='recent-posts'/>
        </div>
	  </section>
	
	</b:if>

  	<b:if cond='data:blog.pageType in {&quot;item&quot;,&quot;static_page&quot;}'>
		<!-- Menu Navigasi -->
        <header class='navbar'>
          <nav class='teal darken-2'>
            <div class='nav-wrapper nav-post'>
              	<div class='container'>
                  <a class='left hide-on-large-only waves-effect waves-light' expr:href='data:blog.homepageUrl'><i class='material-icons'>home</i></a>
                  <a class='brand-logo waves-effect waves-light' expr:href='data:blog.homepageUrl'>Read Me &gt;&gt;&gt;</a>
                  <a class='right modal-trigger hide-on-large-only waves-effect waves-light' data-target='modal1'><i class='material-icons'>info_outline</i></a>
                  <ul class='right hide-on-med-and-down'>
                    <li class='waves-effect waves-light'><a class='modal-trigger' data-target='modal1'>How To get</a></li>
                  </ul>
            	</div>
			</div>
          </nav>


 

        </header>
		
 <!-- Modal Structure -->
  <div class='modal bottom-sheet' id='modal1'>
    <div class='modal-content'>
      <h4>Mau Punya Tema Safelink Ini?</h4>
      <p>Jika Anda mau memiliki tema ini secara Gratis yang perlu Anda lakukan cukup meng-klik button &quot;Download&quot; di bawah ini dan ikuti intruksi nya untuk melakukan share terlebih dahulu.</p>
    </div>
    <div class='modal-footer'>
      <a class='modal-close waves-effect waves-green btn' href='https://riset.digimoclub.com/gratis/'>Download</a>
    </div>
  </div>
	</b:if>

	<b:section class='main' id='main'>
<b:widget id='Blog1' locked='true' title='Posting Blog' type='Blog' version='2' visible='true'>
  <b:widget-settings>
    <b:widget-setting name='showDateHeader'>false</b:widget-setting>
    <b:widget-setting name='style.textcolor'>#ffffff</b:widget-setting>
    <b:widget-setting name='showShareButtons'>false</b:widget-setting>
    <b:widget-setting name='authorLabel'>Oleh</b:widget-setting>
    <b:widget-setting name='showCommentLink'>false</b:widget-setting>
    <b:widget-setting name='style.urlcolor'>#ffffff</b:widget-setting>
    <b:widget-setting name='showAuthor'>false</b:widget-setting>
    <b:widget-setting name='disableGooglePlusShare'>true</b:widget-setting>
    <b:widget-setting name='style.linkcolor'>#ffffff</b:widget-setting>
    <b:widget-setting name='style.unittype'>TextAndImage</b:widget-setting>
    <b:widget-setting name='style.bgcolor'>#000000</b:widget-setting>
    <b:widget-setting name='timestampLabel'/>
    <b:widget-setting name='showAuthorProfile'>false</b:widget-setting>
    <b:widget-setting name='style.layout'>1x1</b:widget-setting>
    <b:widget-setting name='showLabels'>true</b:widget-setting>
    <b:widget-setting name='showLocation'>false</b:widget-setting>
    <b:widget-setting name='postLabelsLabel'/>
    <b:widget-setting name='showTimestamp'>false</b:widget-setting>
    <b:widget-setting name='postsPerAd'>1</b:widget-setting>
    <b:widget-setting name='showBacklinks'>false</b:widget-setting>
    <b:widget-setting name='style.bordercolor'>#000000</b:widget-setting>
    <b:widget-setting name='showInlineAds'>false</b:widget-setting>
    <b:widget-setting name='showReactions'>false</b:widget-setting>
  </b:widget-settings>
  <b:includable id='main' var='this'>
  <div class='blog-posts hfeed container'>
    <b:loop index='i' values='data:posts' var='post'>
      <b:include data='post' name='postCommentsAndAd'/>
    </b:loop>
  </div>
  <b:include cond='data:view.isMultipleItems' name='postPagination'/>
  <b:include name='feedLinks'/>
</b:includable>
  <b:includable id='aboutPostAuthor'>
  <div class='author-name'>
    <a class='g-profile' expr:href='data:post.author.profileUrl' rel='author' title='author profile'>
      <span>
        <data:post.author.name/>
      </span>
    </a>
  </div>
  <div>
    <span class='author-desc'>
      <data:post.author.aboutMe/>
    </span>
  </div>
</b:includable>
  <b:includable id='addComments'>
  <a expr:href='data:post.commentsUrl' expr:onclick='data:post.commentsUrlOnclick'>
    <b:message name='messages.postAComment'/>
  </a>
</b:includable>
  <b:includable id='commentAuthorAvatar'>
  <div class='avatar-image-container'>
    <img class='author-avatar' expr:src='data:comment.authorAvatarSrc' height='35' width='35'/>
  </div>
</b:includable>
  <b:includable id='commentDeleteIcon' var='comment'>
  <span expr:class='&quot;item-control &quot; + data:comment.adminClass'>
    <b:if cond='data:showCmtPopup'>
      <div class='goog-toggle-button'>
        <div class='goog-inline-block comment-action-icon'/>
      </div>
    <b:else/>
      <a class='comment-delete' expr:href='data:comment.deleteUrl' expr:title='data:messages.deleteComment'>
        <img src='https://resources.blogblog.com/img/icon_delete13.gif'/>
      </a>
    </b:if>
  </span>
</b:includable>
  <b:includable id='commentForm' var='post'>
  <div class='comment-form'>
    <a name='comment-form'/>
    <h4 id='comment-post-message'><data:messages.postAComment/></h4>
    <b:if cond='data:this.messages.blogComment != &quot;&quot;'>
      <p><data:this.messages.blogComment/></p>
    </b:if>
    <b:include data='post' name='commentFormIframeSrc'/>
    <iframe allowtransparency='allowtransparency' class='blogger-iframe-colorize blogger-comment-from-post' expr:height='data:cmtIframeInitialHeight ?: &quot;90px&quot;' frameborder='0' id='comment-editor' name='comment-editor' src='' width='100%'/>
    <data:post.cmtfpIframe/>
    <script type='text/javascript'>
      BLOG_CMT_createIframe(&#39;<data:post.appRpcRelayPath/>&#39;);
    </script>
  </div>
</b:includable>
  <b:includable id='commentFormIframeSrc' var='post'>
  <a expr:href='data:post.commentFormIframeSrc' id='comment-editor-src'/>
</b:includable>
  <b:includable id='commentItem' var='comment'>
  <div class='comment' expr:id='&quot;c&quot; + data:comment.id'>
    <b:include cond='data:blog.enabledCommentProfileImages' name='commentAuthorAvatar'/>

    <div class='comment-block'>
      <div class='comment-author'>
        <b:if cond='data:comment.authorUrl'>
          <b:message name='messages.authorSaidWithLink'>
            <b:param expr:value='data:comment.author' name='authorName'/>
            <b:param expr:value='data:comment.authorUrl' name='authorUrl'/>
          </b:message>
        <b:else/>
          <b:message name='messages.authorSaid'>
            <b:param expr:value='data:comment.author' name='authorName'/>
          </b:message>
        </b:if>
      </div>
      <div expr:class='&quot;comment-body&quot; + (data:comment.isDeleted ? &quot; deleted&quot; : &quot;&quot;)'>
        <data:comment.body/>
      </div>
      <div class='comment-footer'>
        <span class='comment-timestamp'>
          <a expr:href='data:comment.url' title='comment permalink'>
            <data:comment.timestamp/>
          </a>
          <b:include data='comment' name='commentDeleteIcon'/>
        </span>
      </div>
    </div>
  </div>
</b:includable>
  <b:includable id='commentList' var='comments'>
  <div id='comments-block'>
    <b:loop values='data:comments' var='comment'>
      <b:include data='comment' name='commentItem'/>
    </b:loop>
  </div>
</b:includable>
  <b:includable id='commentPicker' var='post'>
  <b:if cond='data:post.commentSource == 1'>
    <b:include data='post' name='iframeComments'/>
  <b:elseif cond='data:post.showThreadedComments'/>
    <b:include data='post' name='threadedComments'/>
  <b:else/>
    <b:include data='post' name='comments'/>
  </b:if>
</b:includable>
  <b:includable id='comments' var='post'>
  <section expr:class='&quot;comments&quot; + (data:post.embedCommentForm ? &quot; embed&quot; : &quot;&quot;)' expr:data-num-comments='data:post.numberOfComments' id='comments'>
    <a name='comments'/>
    <b:if cond='data:post.allowComments'>

      <b:include name='commentsTitle'/>

      <div expr:id='data:widget.instanceId + &quot;_comments-block-wrapper&quot;'>
        <b:include cond='data:post.comments' data='post.comments' name='commentList'/>
      </div>

      <b:if cond='data:post.commentPagingRequired'>
        <div class='paging-control-container'>
          <b:if cond='data:post.hasOlderLinks'>
            <a expr:class='data:post.oldLinkClass' expr:href='data:post.oldestLinkUrl'>
              <data:messages.oldest/>
            </a>
            <a expr:class='data:post.oldLinkClass' expr:href='data:post.olderLinkUrl'>
              <data:messages.older/>
            </a>
          </b:if>

          <span class='comment-range-text'>
            <data:post.commentRangeText/>
          </span>

          <b:if cond='data:post.hasNewerLinks'>
            <a expr:class='data:post.newLinkClass' expr:href='data:post.newerLinkUrl'>
              <data:messages.newer/>
            </a>
            <a expr:class='data:post.newLinkClass' expr:href='data:post.newestLinkUrl'>
              <data:messages.newest/>
            </a>
          </b:if>
        </div>
      </b:if>

      <div class='footer'>
        <b:if cond='data:post.embedCommentForm'>
          <b:if cond='data:post.allowNewComments'>
            <b:include data='post' name='commentForm'/>
          <b:else/>
            <data:post.noNewCommentsText/>
          </b:if>
        <b:else/>
          <b:if cond='data:post.allowComments'>
            <b:include data='post' name='addComments'/>
          </b:if>
        </b:if>
      </div>
    </b:if>
    <b:if cond='data:showCmtPopup'>
      <div id='comment-popup'>
        <iframe allowtransparency='allowtransparency' frameborder='0' id='comment-actions' name='comment-actions' scrolling='no'>
        </iframe>
      </div>
    </b:if>
  </section>
</b:includable>
  <b:includable id='commentsTitle'>
  <h3 class='title'><data:messages.comments/></h3>
</b:includable>
  <b:includable id='feedLinks'>
  <b:if cond='!data:view.isPost'> <!-- Blog feed links -->
    <b:if cond='data:feedLinks'>
      <div class='blog-feeds'>
        <b:include data='feedLinks' name='feedLinksBody'/>
      </div>
    </b:if>
  <b:else/> <!--Post feed links -->
    <div class='post-feeds'>
      <b:loop values='data:posts' var='post'>
        <b:if cond='data:post.allowComments and data:post.feedLinks'>
          <b:include data='post.feedLinks' name='feedLinksBody'/>
        </b:if>
      </b:loop>
    </div>
  </b:if>
</b:includable>
  <b:includable id='feedLinksBody' var='links'>
  <div class='feed-links'>
  <data:messages.subscribeTo/>
  <b:loop values='data:links' var='f'>
     <a class='feed-link' expr:href='data:f.url' expr:type='data:f.mimeType' target='_blank'><data:f.name/> (<data:f.feedType/>)</a>
  </b:loop>
  </div>
</b:includable>
  <b:includable id='homePageLink'>
  <a class='home-link' expr:href='data:blog.homepageUrl'>
    <data:messages.home/>
  </a>
</b:includable>
  <b:includable id='iframeComments' var='post'>
  <b:if cond='data:post.allowIframeComments'>
    <script expr:src='data:post.iframeCommentSrc' type='text/javascript'/>
    <div class='cmt_iframe_holder' expr:data-href='data:post.url.canonical' expr:data-viewtype='data:post.viewType'/>

    <b:if cond='!data:post.embedCommentForm'>
      <b:include data='post' name='commentsLink'/>
    </b:if>
  </b:if>
</b:includable>
  <b:includable id='inlineAd' var='post'>
  <b:if cond='!data:view.isPreview'>
    <b:if cond='data:this.adCode or data:this.adClientId or data:blog.adsenseClientId'>
      <!-- Ad -->
      <div class='inline-ad'>
        <b:if cond='data:this.adCode != &quot;&quot;'>
          <data:this.adCode/>
        <b:else/>
          <b:include cond='data:this.adClientId or data:blog.adsenseClientId' name='defaultAdUnit'/>
        </b:if>
      </div>
    </b:if>
  <b:else/>
    <div class='inline-ad'>
      <div class='inline-ad-placeholder'>
        <span><b:message name='messages.adsGoHere'/></span>
      </div>
    </div>
  </b:if>
</b:includable>
  <b:includable id='nextPageLink'>
  <a class='blog-pager-older-link' expr:href='data:olderPageUrl' expr:id='data:widget.instanceId + &quot;_blog-pager-older-link&quot;' expr:title='data:messages.olderPosts'>
    <data:messages.olderPosts/>
  </a>
</b:includable>
  <b:includable id='post' var='post'>
				<b:if cond='data:blog.pageType in {&quot;item&quot;,&quot;static_page&quot;}'>
                   <!-- Main Wrapper -->
                    <main>
                      <div class='row'>
                        <div class='col s12 l2 center hide-on-med-and-down'>
                          <div class='post-ads' id='ads5'>
						  </div>
                        </div>
                        <div class='col s12 l8'>
                          <div class='card-panel'>
                            <b:include data='post' name='postMeta'/>
                            <h2 class='center flow-text blue-text text-darken-2'><data:post.title/></h2>
							<b:include name='headerByline'/>
                            <b:if cond='data:view.isSingleItem'>
                              <b:include data='post' name='postBody'/>
                            <b:else/>
                              <b:include data='post' name='postBodySnippet'/>
                              <b:include data='post' name='postJumpLink'/>
                            </b:if>
                          </div>
                        </div>
                        <div class='col s12 l2 center hide-on-med-and-down'>
                          <div class='post-ads' id='ads6'>
						  </div>
                        </div>
                      </div>
                    </main>
                </b:if>
              </b:includable>
  <b:includable id='postBody' var='post'>
                <!-- If metaDescription is empty, use the post body as the schema.org description too, for G+/FB snippeting. -->
<div class='center' id='loading'>
<div class='progress'><div class='indeterminate teal darken-2' id='progress-bar'/></div>
<span id='count'>Generating Link...</span>
</div>
<div class='center'>
<div class='post-ads' id='ads1'>
<!-- Iklan Atas Artikel 1 -->

</div>
<div class='hidden btn waves-effect waves-light teal darken-2 white-text' id='getlink'>KLIK DISINI</div>
<div class='post-ads' id='ads2'>
<!-- Iklan Atas Artikel 2 -->

</div>
</div>
<div class='post-body entry-content float-container' expr:id='&quot;post-body-&quot; + data:post.id'>
<data:post.body/>
</div>
<div class='center'>
<div class='post-ads' id='ads3'>
<!-- Iklan Atas Artikel 3 -->

</div>
<button class='btn teal darken-2 waves-effect waves-light white-text hidden' disabled='' id='gotolink'>Go to Link</button>
<div class='post-ads' id='ads4'>
<!-- Iklan Atas Artikel 4 -->
</div>
</div>

              </b:includable>
  <b:includable id='postBodySnippet' var='post'>
  <b:include data='post' name='postBody'/>
</b:includable>
  <b:includable id='postCommentsAndAd' var='post'>
  <article class='post-outer-container'>
    <!-- Post title and body -->
    <div class='post-outer'>
      <b:include data='post' name='post'/>
    </div>

    <!-- Comments -->
    <b:include cond='data:view.isSingleItem' data='post' name='commentPicker'/>

    <!-- Show ad inside post container, after comments, if single item. -->
    <b:include cond='data:view.isSingleItem and data:post.includeAd' data='post' name='inlineAd'/>
  </article>

  <!-- Show ad outside post container (between posts) for feed pages. -->
  <b:include cond='data:view.isMultipleItems and data:post.includeAd' data='post' name='inlineAd'/>
</b:includable>
  <b:includable id='postCommentsLink'>
  <b:if cond='data:view.isMultipleItems'>
    <span class='byline post-comment-link container'>
      <b:include cond='data:post.commentSource != 1' name='commentsLink'/>
      <b:include cond='data:post.commentSource == 1' name='commentsLinkIframe'/>
    </span>
  </b:if>
</b:includable>
  <b:includable id='postFooter' var='post'>
  <div class='post-footer'>
    <b:include name='footerBylines'/>
    <b:include data='post' name='postFooterAuthorProfile'/>
  </div>
</b:includable>
  <b:includable id='postFooterAuthorProfile' var='post'>
  <b:if cond='data:post.author.aboutMe and data:view.isPost'>
    <div class='author-profile'>
      <b:if cond='data:post.author.authorPhoto.url'>
        <img class='author-image' expr:src='data:post.author.authorPhoto.url' width='50px'/>
        <div class='author-about'>
          <b:include data='post' name='aboutPostAuthor'/>
        </div>
      <b:else/>
        <b:include data='post' name='aboutPostAuthor'/>
      </b:if>
    </div>
  </b:if>
</b:includable>
  <b:includable id='postHeader' var='post'>
  <b:include name='headerByline'/>
</b:includable>
  <b:includable id='postMeta' var='post'>
  <b:include data='post' name='postMetadataJSON'/>
</b:includable>
  <b:includable id='postPagination'>
  <div class='blog-pager container' id='blog-pager'>
    <b:include cond='data:newerPageUrl' name='previousPageLink'/>
    <b:include cond='data:olderPageUrl' name='nextPageLink'/>
    <b:include cond='data:view.url != data:blog.homepageUrl' name='homePageLink'/>
  </div>
</b:includable>
  <b:includable id='postTitle' var='post'>
  <a expr:name='data:post.id'/>
  <b:if cond='data:post.title != &quot;&quot;'>
    <h3 class='post-title entry-title'>
      <b:if cond='data:post.link or (data:post.url and data:view.url != data:post.url)'>
        <a expr:href='data:post.link ?: data:post.url'><data:post.title/></a>
      <b:else/>
        <data:post.title/>
      </b:if>
    </h3>
  </b:if>
</b:includable>
  <b:includable id='previousPageLink'>
  <a class='blog-pager-newer-link' expr:href='data:newerPageUrl' expr:id='data:widget.instanceId + &quot;_blog-pager-newer-link&quot;' expr:title='data:messages.newerPosts'>
    <data:messages.newerPosts/>
  </a>
</b:includable>
  <b:includable id='threadedCommentForm' var='post'>
  <div class='comment-form'>
    <a name='comment-form'/>
    <h4 id='comment-post-message'><data:messages.postAComment/></h4>
    <b:if cond='data:this.messages.blogComment != &quot;&quot;'>
      <p><data:this.messages.blogComment/></p>
    </b:if>
    <b:include data='post' name='commentFormIframeSrc'/>
    <iframe allowtransparency='allowtransparency' class='blogger-iframe-colorize blogger-comment-from-post' expr:height='data:cmtIframeInitialHeight ?: &quot;90px&quot;' frameborder='0' id='comment-editor' name='comment-editor' src='' width='100%'/>
    <data:post.cmtfpIframe/>
    <script type='text/javascript'>
      BLOG_CMT_createIframe(&#39;<data:post.appRpcRelayPath/>&#39;);
    </script>
  </div>
</b:includable>
  <b:includable id='threadedCommentJs' var='post'>
  <script async='async' expr:src='data:post.commentSrc' type='text/javascript'/>
  <b:template-script inline='true' name='threaded_comments'/>
  <script type='text/javascript'>
    blogger.widgets.blog.initThreadedComments(
        <data:post.commentJso/>,
        <data:post.commentMsgs/>,
        <data:post.commentConfig/>);
  </script>
</b:includable>
  <b:includable id='threadedComments' var='post'>
  <section class='comments threaded' expr:data-embed='data:post.embedCommentForm' expr:data-num-comments='data:post.numberOfComments' id='comments'>
    <a name='comments'/>

    <b:include name='commentsTitle'/>

    <div class='comments-content'>
      <b:if cond='data:post.embedCommentForm'>
        <b:include data='post' name='threadedCommentJs'/>
      </b:if>
      <div id='comment-holder'>
         <data:post.commentHtml/>
      </div>
    </div>

    <p class='comment-footer'>
      <b:if cond='data:post.allowNewComments'>
        <b:include data='post' name='threadedCommentForm'/>
      <b:else/>
        <data:post.noNewCommentsText/>
      </b:if>
    </p>

    <b:if cond='data:showCmtPopup'>
      <div id='comment-popup'>
        <iframe allowtransparency='allowtransparency' frameborder='0' id='comment-actions' name='comment-actions' scrolling='no'>
        </iframe>
      </div>
    </b:if>
  </section>
</b:includable>
</b:widget>
</b:section>

	<!-- Footer -->
    <footer class='teal darken-2 white-text center'>
      <div class='container'>
        <p class='flow-text'>Digimolub &amp;copy; Copyright 2019</p>
        <p class='flow-text'>All Right Reserved</p>
      </div>
<script type='text/javascript'>
            var adlinkfly_url = &#39;https://safelinkblogger.com/&#39;;
            var adlinkfly_api_token = &#39;56611f32d318af10109b1dfdcdbd06d371d015c7&#39;;
            var adlinkfly_advert = 2;
            var adlinkfly_exclude_domains = [&#39;example.com&#39;, &#39;yoursite.com&#39;];
        </script>
        <script src='//safelinkblogger.com/js/full-page-script.js'/>
<script src='https://rawcdn.githack.com/crezenity/digimoclub/master/Auto.js'/>
<script src='https://diluarkebiasaanda.blogspot.com/feeds/2058432933888497891/posts/default?alt=json-in-script&amp;max-results=150&amp;callback=showurl'/>

    </footer>	

<script src='https://cdnjs.cloudflare.com/ajax/libs/materialize/1.0.0/js/materialize.min.js'/>
<script>
const sideNav = document.querySelectorAll(&#39;.sidenav&#39;);
M.Sidenav.init(sideNav);
const slider = document.querySelectorAll(&#39;.slider&#39;);
M.Slider.init(slider, {
indicators: false,
height: 600,
transition: 1000,
interval: 5000
});
const parallax = document.querySelectorAll(&#39;.parallax&#39;);
M.Parallax.init(parallax);
const materialbox = document.querySelectorAll(&#39;.materialboxed&#39;);
M.Materialbox.init(materialbox);
const tooltip = document.querySelectorAll(&#39;.tooltipped&#39;);
M.Tooltip.init(tooltip);
const scroll = document.querySelectorAll(&#39;.scrollspy&#39;);
M.ScrollSpy.init(scroll, {
scrollOffset: 50
});
const modal = document.querySelectorAll(&#39;.modal&#39;);
M.Modal.init(modal);
</script>
<div class='adb hidden' id='adb'>
<div class='adbs' id='adbs'/>
</div> 
<script src='https://ajax.googleapis.com/ajax/libs/jquery/1.11.3/jquery.min.js'/>
<script src='https://cdn.rawgit.com/mghifariarfan/safeplatinum/master/jquery.pietimer.min.js' type='text/javascript'/>
<script src='https://cdn.rawgit.com/mghifariarfan/safeplatinum/master/clipboard.min.js' type='text/javascript'/>
<script type='text/javascript'>
<b:if cond='data:view.isHomepage'>
//<![CDATA[
$(document).ready(function(){
$("#btngenerate").on("click",function(){
var generateurl = $("#generateurl").val(),
generatelink = $("#generatelink"),		
generateloading = $("#generateloading"),
copied = $("#copied"),		
resulturl = $('#resulturl');			
$("#copied").addClass('hidden');
if (generateurl == "") {
$("#generateurl").focus();
return false;
}

$("#copytoclipboard").html("<i class='left material-icons'>content_copy</i> Copy URL");
generateloading.removeClass('hidden');
generatelink.addClass('hidden');
$.ajax({
url : '/feeds/posts/summary?alt=json-in-script',
type: 'get',
dataType: 'jsonp',
success: function(data) {
var link = '',
content = data.feed.entry,
links =new Array();	
if (content !== undefined) {
for (var i = 0; i < content.length; i++) {
for (var j = 0; j < content[i].link.length; j++) {
if (content[i].link[j].rel == "alternate") {
link = content[i].link[j].href;
break;
}
}
links[i] = link;
var randindex = Math.random() * links.length; 
randindex = parseInt(randindex);
}
resultgenerate = links[randindex] + "#?o=" + aesCrypto.encrypt(convertstr(generateurl),convertstr('root'));
M.toast({html: 'Convert Link Berhasil!'});
generateloading.addClass('hidden');
generatelink.removeClass('hidden');
resulturl.val(resultgenerate);
}else {
resulturl.val('No result!');
}
},
error: function() {
resulturl.val('Error loading feed!');
}
});
});
var clipboard = new ClipboardJS('.copytoclipboard');
clipboard.on('success', function(e) {
$("#generatelink").addClass('hidden');
$("#copied").removeClass('hidden');
M.toast({html: 'Link berhasil dicopy ke clipboard!'});
});
})
//]]>
</b:if>
<b:if cond='data:view.isPost'>
//<![CDATA[
$(document).ready(function(){
//Generate
$.urlParam = function(name){
var results = new RegExp('[\?&]' + name + '=([^&#]*)').exec(window.location.href);
if (results==null){
return null;
}
else{
return decodeURI(results[1]) || 0;
}
}		
var getlink = $("#getlink"),
gotolink = $("#gotolink"),
timer = $('#timer');
if ($.urlParam('o') != null){
  var counter = 11;
  setInterval(function() {
    counter--;
    if (counter >= 0) {
      count = document.getElementById("count");
      count.innerHTML = "Link will appear in " + counter;
    }
    if (counter === 0) {
		$('#loading').addClass('hidden');
		getlink.prop('disabled',false);						
        getlink.removeClass('hidden');
        clearInterval(counter);
    }
  }, 1000);
}
function gotolinkcountdown(){
var countDown = 5;
gotolink.removeClass('hidden');
gotolink.prop('disabled',true);
var x = setInterval(function() {
var distance = countDown -= 1;
gotolink.html('Plase Wait...');
if (distance < 0) {
clearInterval(x);
gotolink.prop('disabled',false);
gotolink.html('Go to Link');
}
}, 300);
}
var request = false;
getlink.click(function() {
if (request == false) {
gotolinkcountdown();
request = true;		
}
$('html, body').animate({
scrollTop: eval(gotolink.offset().top - 10)
}, 100);
});
gotolink.on("click",function(){
var realurl = aesCrypto.decrypt(convertstr($.urlParam('o')),convertstr('root'));
window.location.href=realurl;
});
fuckAdBlock.on(true, function() {
$("#adbs").html("Adblock Detected");
$("#adb").removeClass('hidden');
}).on(false, function() {
});
})
//]]>
</b:if>
//<![CDATA[
function convertstr(str) {return str.replace(/^\s+/, '').replace(/\s+$/, ''); } 
var CryptoJS=CryptoJS||function(t,e){var r={},n=r.lib={},i=n.Base=function(){function t(){}return{extend:function(e){t.prototype=this;var r=new t;return e&&r.mixIn(e),r.hasOwnProperty("init")||(r.init=function(){r.$super.init.apply(this,arguments)}),r.init.prototype=r,r.$super=this,r},create:function(){var t=this.extend();return t.init.apply(t,arguments),t},init:function(){},mixIn:function(t){for(var e in t)t.hasOwnProperty(e)&&(this[e]=t[e]);t.hasOwnProperty("toString")&&(this.toString=t.toString)},clone:function(){return this.init.prototype.extend(this)}}}(),o=n.WordArray=i.extend({init:function(t,r){t=this.words=t||[],this.sigBytes=r!=e?r:4*t.length},toString:function(t){return(t||a).stringify(this)},concat:function(t){var e=this.words,r=t.words,n=this.sigBytes,i=t.sigBytes;if(this.clamp(),n%4)for(var o=0;i>o;o++){var s=r[o>>>2]>>>24-o%4*8&255;e[n+o>>>2]|=s<<24-(n+o)%4*8}else if(r.length>65535)for(var o=0;i>o;o+=4)e[n+o>>>2]=r[o>>>2];else e.push.apply(e,r);return this.sigBytes+=i,this},clamp:function(){var e=this.words,r=this.sigBytes;e[r>>>2]&=4294967295<<32-r%4*8,e.length=t.ceil(r/4)},clone:function(){var t=i.clone.call(this);return t.words=this.words.slice(0),t},random:function(e){for(var r=[],n=0;e>n;n+=4)r.push(4294967296*t.random()|0);return new o.init(r,e)}}),s=r.enc={},a=s.Hex={stringify:function(t){for(var e=t.words,r=t.sigBytes,n=[],i=0;r>i;i++){var o=e[i>>>2]>>>24-i%4*8&255;n.push((o>>>4).toString(16)),n.push((15&o).toString(16))}return n.join("")},parse:function(t){for(var e=t.length,r=[],n=0;e>n;n+=2)r[n>>>3]|=parseInt(t.substr(n,2),16)<<24-n%8*4;return new o.init(r,e/2)}},c=s.Latin1={stringify:function(t){for(var e=t.words,r=t.sigBytes,n=[],i=0;r>i;i++){var o=e[i>>>2]>>>24-i%4*8&255;n.push(String.fromCharCode(o))}return n.join("")},parse:function(t){for(var e=t.length,r=[],n=0;e>n;n++)r[n>>>2]|=(255&t.charCodeAt(n))<<24-n%4*8;return new o.init(r,e)}},f=s.Utf8={stringify:function(t){try{return decodeURIComponent(escape(c.stringify(t)))}catch(e){throw new Error("Malformed UTF-8 data")}},parse:function(t){return c.parse(unescape(encodeURIComponent(t)))}},u=n.BufferedBlockAlgorithm=i.extend({reset:function(){this._data=new o.init,this._nDataBytes=0},_append:function(t){"string"==typeof t&&(t=f.parse(t)),this._data.concat(t),this._nDataBytes+=t.sigBytes},_process:function(e){var r=this._data,n=r.words,i=r.sigBytes,s=this.blockSize,a=4*s,c=i/a;c=e?t.ceil(c):t.max((0|c)-this._minBufferSize,0);var f=c*s,u=t.min(4*f,i);if(f){for(var h=0;f>h;h+=s)this._doProcessBlock(n,h);var p=n.splice(0,f);r.sigBytes-=u}return new o.init(p,u)},clone:function(){var t=i.clone.call(this);return t._data=this._data.clone(),t},_minBufferSize:0}),h=(n.Hasher=u.extend({cfg:i.extend(),init:function(t){this.cfg=this.cfg.extend(t),this.reset()},reset:function(){u.reset.call(this),this._doReset()},update:function(t){return this._append(t),this._process(),this},finalize:function(t){t&&this._append(t);var e=this._doFinalize();return e},blockSize:16,_createHelper:function(t){return function(e,r){return new t.init(r).finalize(e)}},_createHmacHelper:function(t){return function(e,r){return new h.HMAC.init(t,r).finalize(e)}}}),r.algo={});return r}(Math);!function(){{var t=CryptoJS,e=t.lib,r=e.WordArray,n=t.enc;n.Base64={stringify:function(t){var e=t.words,r=t.sigBytes,n=this._map;t.clamp();for(var i=[],o=0;r>o;o+=3)for(var s=e[o>>>2]>>>24-o%4*8&255,a=e[o+1>>>2]>>>24-(o+1)%4*8&255,c=e[o+2>>>2]>>>24-(o+2)%4*8&255,f=s<<16|a<<8|c,u=0;4>u&&r>o+.75*u;u++)i.push(n.charAt(f>>>6*(3-u)&63));var h=n.charAt(64);if(h)for(;i.length%4;)i.push(h);return i.join("")},parse:function(t){var e=t.length,n=this._map,i=n.charAt(64);if(i){var o=t.indexOf(i);-1!=o&&(e=o)}for(var s=[],a=0,c=0;e>c;c++)if(c%4){var f=n.indexOf(t.charAt(c-1))<<c%4*2,u=n.indexOf(t.charAt(c))>>>6-c%4*2;s[a>>>2]|=(f|u)<<24-a%4*8,a++}return r.create(s,a)},_map:"ABCDEFGHIJKLMNOPQRSTUVWXYZabcdefghijklmnopqrstuvwxyz0123456789+/="}}}(),function(t){function e(t,e,r,n,i,o,s){var a=t+(e&r|~e&n)+i+s;return(a<<o|a>>>32-o)+e}function r(t,e,r,n,i,o,s){var a=t+(e&n|r&~n)+i+s;return(a<<o|a>>>32-o)+e}function n(t,e,r,n,i,o,s){var a=t+(e^r^n)+i+s;return(a<<o|a>>>32-o)+e}function i(t,e,r,n,i,o,s){var a=t+(r^(e|~n))+i+s;return(a<<o|a>>>32-o)+e}var o=CryptoJS,s=o.lib,a=s.WordArray,c=s.Hasher,f=o.algo,u=[];!function(){for(var e=0;64>e;e++)u[e]=4294967296*t.abs(t.sin(e+1))|0}();var h=f.MD5=c.extend({_doReset:function(){this._hash=new a.init([1732584193,4023233417,2562383102,271733878])},_doProcessBlock:function(t,o){for(var s=0;16>s;s++){var a=o+s,c=t[a];t[a]=16711935&(c<<8|c>>>24)|4278255360&(c<<24|c>>>8)}var f=this._hash.words,h=t[o+0],p=t[o+1],l=t[o+2],d=t[o+3],v=t[o+4],y=t[o+5],g=t[o+6],_=t[o+7],m=t[o+8],S=t[o+9],B=t[o+10],x=t[o+11],k=t[o+12],C=t[o+13],z=t[o+14],w=t[o+15],E=f[0],D=f[1],M=f[2],b=f[3];E=e(E,D,M,b,h,7,u[0]),b=e(b,E,D,M,p,12,u[1]),M=e(M,b,E,D,l,17,u[2]),D=e(D,M,b,E,d,22,u[3]),E=e(E,D,M,b,v,7,u[4]),b=e(b,E,D,M,y,12,u[5]),M=e(M,b,E,D,g,17,u[6]),D=e(D,M,b,E,_,22,u[7]),E=e(E,D,M,b,m,7,u[8]),b=e(b,E,D,M,S,12,u[9]),M=e(M,b,E,D,B,17,u[10]),D=e(D,M,b,E,x,22,u[11]),E=e(E,D,M,b,k,7,u[12]),b=e(b,E,D,M,C,12,u[13]),M=e(M,b,E,D,z,17,u[14]),D=e(D,M,b,E,w,22,u[15]),E=r(E,D,M,b,p,5,u[16]),b=r(b,E,D,M,g,9,u[17]),M=r(M,b,E,D,x,14,u[18]),D=r(D,M,b,E,h,20,u[19]),E=r(E,D,M,b,y,5,u[20]),b=r(b,E,D,M,B,9,u[21]),M=r(M,b,E,D,w,14,u[22]),D=r(D,M,b,E,v,20,u[23]),E=r(E,D,M,b,S,5,u[24]),b=r(b,E,D,M,z,9,u[25]),M=r(M,b,E,D,d,14,u[26]),D=r(D,M,b,E,m,20,u[27]),E=r(E,D,M,b,C,5,u[28]),b=r(b,E,D,M,l,9,u[29]),M=r(M,b,E,D,_,14,u[30]),D=r(D,M,b,E,k,20,u[31]),E=n(E,D,M,b,y,4,u[32]),b=n(b,E,D,M,m,11,u[33]),M=n(M,b,E,D,x,16,u[34]),D=n(D,M,b,E,z,23,u[35]),E=n(E,D,M,b,p,4,u[36]),b=n(b,E,D,M,v,11,u[37]),M=n(M,b,E,D,_,16,u[38]),D=n(D,M,b,E,B,23,u[39]),E=n(E,D,M,b,C,4,u[40]),b=n(b,E,D,M,h,11,u[41]),M=n(M,b,E,D,d,16,u[42]),D=n(D,M,b,E,g,23,u[43]),E=n(E,D,M,b,S,4,u[44]),b=n(b,E,D,M,k,11,u[45]),M=n(M,b,E,D,w,16,u[46]),D=n(D,M,b,E,l,23,u[47]),E=i(E,D,M,b,h,6,u[48]),b=i(b,E,D,M,_,10,u[49]),M=i(M,b,E,D,z,15,u[50]),D=i(D,M,b,E,y,21,u[51]),E=i(E,D,M,b,k,6,u[52]),b=i(b,E,D,M,d,10,u[53]),M=i(M,b,E,D,B,15,u[54]),D=i(D,M,b,E,p,21,u[55]),E=i(E,D,M,b,m,6,u[56]),b=i(b,E,D,M,w,10,u[57]),M=i(M,b,E,D,g,15,u[58]),D=i(D,M,b,E,C,21,u[59]),E=i(E,D,M,b,v,6,u[60]),b=i(b,E,D,M,x,10,u[61]),M=i(M,b,E,D,l,15,u[62]),D=i(D,M,b,E,S,21,u[63]),f[0]=f[0]+E|0,f[1]=f[1]+D|0,f[2]=f[2]+M|0,f[3]=f[3]+b|0},_doFinalize:function(){var e=this._data,r=e.words,n=8*this._nDataBytes,i=8*e.sigBytes;r[i>>>5]|=128<<24-i%32;var o=t.floor(n/4294967296),s=n;r[(i+64>>>9<<4)+15]=16711935&(o<<8|o>>>24)|4278255360&(o<<24|o>>>8),r[(i+64>>>9<<4)+14]=16711935&(s<<8|s>>>24)|4278255360&(s<<24|s>>>8),e.sigBytes=4*(r.length+1),this._process();for(var a=this._hash,c=a.words,f=0;4>f;f++){var u=c[f];c[f]=16711935&(u<<8|u>>>24)|4278255360&(u<<24|u>>>8)}return a},clone:function(){var t=c.clone.call(this);return t._hash=this._hash.clone(),t}});o.MD5=c._createHelper(h),o.HmacMD5=c._createHmacHelper(h)}(Math),function(){var t=CryptoJS,e=t.lib,r=e.Base,n=e.WordArray,i=t.algo,o=i.MD5,s=i.EvpKDF=r.extend({cfg:r.extend({keySize:4,hasher:o,iterations:1}),init:function(t){this.cfg=this.cfg.extend(t)},compute:function(t,e){for(var r=this.cfg,i=r.hasher.create(),o=n.create(),s=o.words,a=r.keySize,c=r.iterations;s.length<a;){f&&i.update(f);var f=i.update(t).finalize(e);i.reset();for(var u=1;c>u;u++)f=i.finalize(f),i.reset();o.concat(f)}return o.sigBytes=4*a,o}});t.EvpKDF=function(t,e,r){return s.create(r).compute(t,e)}}(),CryptoJS.lib.Cipher||function(t){var e=CryptoJS,r=e.lib,n=r.Base,i=r.WordArray,o=r.BufferedBlockAlgorithm,s=e.enc,a=(s.Utf8,s.Base64),c=e.algo,f=c.EvpKDF,u=r.Cipher=o.extend({cfg:n.extend(),createEncryptor:function(t,e){return this.create(this._ENC_XFORM_MODE,t,e)},createDecryptor:function(t,e){return this.create(this._DEC_XFORM_MODE,t,e)},init:function(t,e,r){this.cfg=this.cfg.extend(r),this._xformMode=t,this._key=e,this.reset()},reset:function(){o.reset.call(this),this._doReset()},process:function(t){return this._append(t),this._process()},finalize:function(t){t&&this._append(t);var e=this._doFinalize();return e},keySize:4,ivSize:4,_ENC_XFORM_MODE:1,_DEC_XFORM_MODE:2,_createHelper:function(){function t(t){return"string"==typeof t?x:m}return function(e){return{encrypt:function(r,n,i){return t(n).encrypt(e,r,n,i)},decrypt:function(r,n,i){return t(n).decrypt(e,r,n,i)}}}}()}),h=(r.StreamCipher=u.extend({_doFinalize:function(){var t=this._process(!0);return t},blockSize:1}),e.mode={}),p=r.BlockCipherMode=n.extend({createEncryptor:function(t,e){return this.Encryptor.create(t,e)},createDecryptor:function(t,e){return this.Decryptor.create(t,e)},init:function(t,e){this._cipher=t,this._iv=e}}),l=h.CBC=function(){function e(e,r,n){var i=this._iv;if(i){var o=i;this._iv=t}else var o=this._prevBlock;for(var s=0;n>s;s++)e[r+s]^=o[s]}var r=p.extend();return r.Encryptor=r.extend({processBlock:function(t,r){var n=this._cipher,i=n.blockSize;e.call(this,t,r,i),n.encryptBlock(t,r),this._prevBlock=t.slice(r,r+i)}}),r.Decryptor=r.extend({processBlock:function(t,r){var n=this._cipher,i=n.blockSize,o=t.slice(r,r+i);n.decryptBlock(t,r),e.call(this,t,r,i),this._prevBlock=o}}),r}(),d=e.pad={},v=d.Pkcs7={pad:function(t,e){for(var r=4*e,n=r-t.sigBytes%r,o=n<<24|n<<16|n<<8|n,s=[],a=0;n>a;a+=4)s.push(o);var c=i.create(s,n);t.concat(c)},unpad:function(t){var e=255&t.words[t.sigBytes-1>>>2];t.sigBytes-=e}},y=(r.BlockCipher=u.extend({cfg:u.cfg.extend({mode:l,padding:v}),reset:function(){u.reset.call(this);var t=this.cfg,e=t.iv,r=t.mode;if(this._xformMode==this._ENC_XFORM_MODE)var n=r.createEncryptor;else{var n=r.createDecryptor;this._minBufferSize=1}this._mode=n.call(r,this,e&&e.words)},_doProcessBlock:function(t,e){this._mode.processBlock(t,e)},_doFinalize:function(){var t=this.cfg.padding;if(this._xformMode==this._ENC_XFORM_MODE){t.pad(this._data,this.blockSize);var e=this._process(!0)}else{var e=this._process(!0);t.unpad(e)}return e},blockSize:4}),r.CipherParams=n.extend({init:function(t){this.mixIn(t)},toString:function(t){return(t||this.formatter).stringify(this)}})),g=e.format={},_=g.OpenSSL={stringify:function(t){var e=t.ciphertext,r=t.salt;if(r)var n=i.create([1398893684,1701076831]).concat(r).concat(e);else var n=e;return n.toString(a)},parse:function(t){var e=a.parse(t),r=e.words;if(1398893684==r[0]&&1701076831==r[1]){var n=i.create(r.slice(2,4));r.splice(0,4),e.sigBytes-=16}return y.create({ciphertext:e,salt:n})}},m=r.SerializableCipher=n.extend({cfg:n.extend({format:_}),encrypt:function(t,e,r,n){n=this.cfg.extend(n);var i=t.createEncryptor(r,n),o=i.finalize(e),s=i.cfg;return y.create({ciphertext:o,key:r,iv:s.iv,algorithm:t,mode:s.mode,padding:s.padding,blockSize:t.blockSize,formatter:n.format})},decrypt:function(t,e,r,n){n=this.cfg.extend(n),e=this._parse(e,n.format);var i=t.createDecryptor(r,n).finalize(e.ciphertext);return i},_parse:function(t,e){return"string"==typeof t?e.parse(t,this):t}}),S=e.kdf={},B=S.OpenSSL={execute:function(t,e,r,n){n||(n=i.random(8));var o=f.create({keySize:e+r}).compute(t,n),s=i.create(o.words.slice(e),4*r);return o.sigBytes=4*e,y.create({key:o,iv:s,salt:n})}},x=r.PasswordBasedCipher=m.extend({cfg:m.cfg.extend({kdf:B}),encrypt:function(t,e,r,n){n=this.cfg.extend(n);var i=n.kdf.execute(r,t.keySize,t.ivSize);n.iv=i.iv;var o=m.encrypt.call(this,t,e,i.key,n);return o.mixIn(i),o},decrypt:function(t,e,r,n){n=this.cfg.extend(n),e=this._parse(e,n.format);var i=n.kdf.execute(r,t.keySize,t.ivSize,e.salt);n.iv=i.iv;var o=m.decrypt.call(this,t,e,i.key,n);return o}})}(),function(){var t=CryptoJS,e=t.lib,r=e.BlockCipher,n=t.algo,i=[],o=[],s=[],a=[],c=[],f=[],u=[],h=[],p=[],l=[];!function(){for(var t=[],e=0;256>e;e++)t[e]=128>e?e<<1:e<<1^283;for(var r=0,n=0,e=0;256>e;e++){var d=n^n<<1^n<<2^n<<3^n<<4;d=d>>>8^255&d^99,i[r]=d,o[d]=r;var v=t[r],y=t[v],g=t[y],_=257*t[d]^16843008*d;s[r]=_<<24|_>>>8,a[r]=_<<16|_>>>16,c[r]=_<<8|_>>>24,f[r]=_;var _=16843009*g^65537*y^257*v^16843008*r;u[d]=_<<24|_>>>8,h[d]=_<<16|_>>>16,p[d]=_<<8|_>>>24,l[d]=_,r?(r=v^t[t[t[g^v]]],n^=t[t[n]]):r=n=1}}();var d=[0,1,2,4,8,16,32,64,128,27,54],v=n.AES=r.extend({_doReset:function(){for(var t=this._key,e=t.words,r=t.sigBytes/4,n=this._nRounds=r+6,o=4*(n+1),s=this._keySchedule=[],a=0;o>a;a++)if(r>a)s[a]=e[a];else{var c=s[a-1];a%r?r>6&&a%r==4&&(c=i[c>>>24]<<24|i[c>>>16&255]<<16|i[c>>>8&255]<<8|i[255&c]):(c=c<<8|c>>>24,c=i[c>>>24]<<24|i[c>>>16&255]<<16|i[c>>>8&255]<<8|i[255&c],c^=d[a/r|0]<<24),s[a]=s[a-r]^c}for(var f=this._invKeySchedule=[],v=0;o>v;v++){var a=o-v;if(v%4)var c=s[a];else var c=s[a-4];f[v]=4>v||4>=a?c:u[i[c>>>24]]^h[i[c>>>16&255]]^p[i[c>>>8&255]]^l[i[255&c]]}},encryptBlock:function(t,e){this._doCryptBlock(t,e,this._keySchedule,s,a,c,f,i)},decryptBlock:function(t,e){var r=t[e+1];t[e+1]=t[e+3],t[e+3]=r,this._doCryptBlock(t,e,this._invKeySchedule,u,h,p,l,o);var r=t[e+1];t[e+1]=t[e+3],t[e+3]=r},_doCryptBlock:function(t,e,r,n,i,o,s,a){for(var c=this._nRounds,f=t[e]^r[0],u=t[e+1]^r[1],h=t[e+2]^r[2],p=t[e+3]^r[3],l=4,d=1;c>d;d++){var v=n[f>>>24]^i[u>>>16&255]^o[h>>>8&255]^s[255&p]^r[l++],y=n[u>>>24]^i[h>>>16&255]^o[p>>>8&255]^s[255&f]^r[l++],g=n[h>>>24]^i[p>>>16&255]^o[f>>>8&255]^s[255&u]^r[l++],_=n[p>>>24]^i[f>>>16&255]^o[u>>>8&255]^s[255&h]^r[l++];f=v,u=y,h=g,p=_}var v=(a[f>>>24]<<24|a[u>>>16&255]<<16|a[h>>>8&255]<<8|a[255&p])^r[l++],y=(a[u>>>24]<<24|a[h>>>16&255]<<16|a[p>>>8&255]<<8|a[255&f])^r[l++],g=(a[h>>>24]<<24|a[p>>>16&255]<<16|a[f>>>8&255]<<8|a[255&u])^r[l++],_=(a[p>>>24]<<24|a[f>>>16&255]<<16|a[u>>>8&255]<<8|a[255&h])^r[l++];t[e]=v,t[e+1]=y,t[e+2]=g,t[e+3]=_},keySize:8});t.AES=r._createHelper(v)}();var aesCrypto={};!function(t){"use strict";t.formatter={prefix:"",stringify:function(t){var r=this.prefix;return r+=t.salt.toString(),r+=t.ciphertext.toString()},parse:function(t){var r=CryptoJS.lib.CipherParams.create({}),e=this.prefix.length;return 0!==t.indexOf(this.prefix)?r:(r.ciphertext=CryptoJS.enc.Hex.parse(t.substring(16+e)),r.salt=CryptoJS.enc.Hex.parse(t.substring(e,16+e)),r)}},t.encrypt=function(r,e){try{return CryptoJS.AES.encrypt(r,e,{format:t.formatter}).toString()}catch(n){return""}},t.decrypt=function(r,e){try{var n=CryptoJS.AES.decrypt(r,e,{format:t.formatter});return n.toString(CryptoJS.enc.Utf8)}catch(i){return""}}}(aesCrypto);
/* ==========================================================================
ADBLOCK PLUGIN
========================================================================== */
!function(t){var e=function(e){this._options={checkOnLoad:!1,resetOnEnd:!1,loopCheckTime:50,loopMaxNumber:5,baitClass:"pub_300x250 pub_300x250m pub_728x90 text-ad textAd text_ad text_ads text-ads text-ad-links",baitStyle:"width: 1px !important; height: 1px !important; position: absolute !important; left: -10000px !important; top: -1000px !important;",debug:!1},this._var={version:"3.2.1",bait:null,checking:!1,loop:null,loopNumber:0,event:{detected:[],notDetected:[]}},void 0!==e&&this.setOption(e);var i=this,o=function(){setTimeout(function(){i._options.checkOnLoad===!0&&(i._options.debug===!0&&i._log("onload->eventCallback","A check loading is launched"),null===i._var.bait&&i._creatBait(),setTimeout(function(){i.check()},1))},1)};void 0!==t.addEventListener?t.addEventListener("load",o,!1):t.attachEvent("onload",o)};e.prototype._options=null,e.prototype._var=null,e.prototype._bait=null,e.prototype._log=function(t,e){console.log("[FuckAdBlock]["+t+"] "+e)},e.prototype.setOption=function(t,e){if(void 0!==e){var i=t;t={},t[i]=e}for(var o in t)this._options[o]=t[o],this._options.debug===!0&&this._log("setOption",'The option "'+o+'" he was assigned to "'+t[o]+'"');return this},e.prototype._creatBait=function(){var e=document.createElement("div");e.setAttribute("class",this._options.baitClass),e.setAttribute("style",this._options.baitStyle),this._var.bait=t.document.body.appendChild(e),this._var.bait.offsetParent,this._var.bait.offsetHeight,this._var.bait.offsetLeft,this._var.bait.offsetTop,this._var.bait.offsetWidth,this._var.bait.clientHeight,this._var.bait.clientWidth,this._options.debug===!0&&this._log("_creatBait","Bait has been created")},e.prototype._destroyBait=function(){t.document.body.removeChild(this._var.bait),this._var.bait=null,this._options.debug===!0&&this._log("_destroyBait","Bait has been removed")},e.prototype.check=function(t){if(void 0===t&&(t=!0),this._options.debug===!0&&this._log("check","An audit was requested "+(t===!0?"with a":"without")+" loop"),this._var.checking===!0)return this._options.debug===!0&&this._log("check","A check was canceled because there is already an ongoing"),!1;this._var.checking=!0,null===this._var.bait&&this._creatBait();var e=this;return this._var.loopNumber=0,t===!0&&(this._var.loop=setInterval(function(){e._checkBait(t)},this._options.loopCheckTime)),setTimeout(function(){e._checkBait(t)},1),this._options.debug===!0&&this._log("check","A check is in progress ..."),!0},e.prototype._checkBait=function(e){var i=!1;if(null===this._var.bait&&this._creatBait(),(null!==t.document.body.getAttribute("abp")||null===this._var.bait.offsetParent||0==this._var.bait.offsetHeight||0==this._var.bait.offsetLeft||0==this._var.bait.offsetTop||0==this._var.bait.offsetWidth||0==this._var.bait.clientHeight||0==this._var.bait.clientWidth)&&(i=!0),void 0!==t.getComputedStyle){var o=t.getComputedStyle(this._var.bait,null);!o||"none"!=o.getPropertyValue("display")&&"hidden"!=o.getPropertyValue("visibility")||(i=!0)}this._options.debug===!0&&this._log("_checkBait","A check ("+(this._var.loopNumber+1)+"/"+this._options.loopMaxNumber+" ~"+(1+this._var.loopNumber*this._options.loopCheckTime)+"ms) was conducted and detection is "+(i===!0?"positive":"negative")),e===!0&&(this._var.loopNumber++,this._var.loopNumber>=this._options.loopMaxNumber&&this._stopLoop()),i===!0?(this._stopLoop(),this._destroyBait(),this.emitEvent(!0),e===!0&&(this._var.checking=!1)):(null===this._var.loop||e===!1)&&(this._destroyBait(),this.emitEvent(!1),e===!0&&(this._var.checking=!1))},e.prototype._stopLoop=function(t){clearInterval(this._var.loop),this._var.loop=null,this._var.loopNumber=0,this._options.debug===!0&&this._log("_stopLoop","A loop has been stopped")},e.prototype.emitEvent=function(t){this._options.debug===!0&&this._log("emitEvent","An event with a "+(t===!0?"positive":"negative")+" detection was called");var e=this._var.event[t===!0?"detected":"notDetected"];for(var i in e)this._options.debug===!0&&this._log("emitEvent","Call function "+(parseInt(i)+1)+"/"+e.length),e.hasOwnProperty(i)&&e[i]();return this._options.resetOnEnd===!0&&this.clearEvent(),this},e.prototype.clearEvent=function(){this._var.event.detected=[],this._var.event.notDetected=[],this._options.debug===!0&&this._log("clearEvent","The event list has been cleared")},e.prototype.on=function(t,e){return this._var.event[t===!0?"detected":"notDetected"].push(e),this._options.debug===!0&&this._log("on",'A type of event "'+(t===!0?"detected":"notDetected")+'" was added'),this},e.prototype.onDetected=function(t){return this.on(!0,t)},e.prototype.onNotDetected=function(t){return this.on(!1,t)},t.FuckAdBlock=e,void 0===t.fuckAdBlock&&(t.fuckAdBlock=new e({checkOnLoad:!0,resetOnEnd:!0}))}(window);
//]]>
</script>	

<b:if cond='data:blog.isMobileRequest == &quot;false&quot;'>
<script type='text/javascript'>
//<![CDATA[
// Lazy Load
(function(a){a.fn.lazyload=function(b){var c={threshold:0,failurelimit:0,event:"scroll",effect:"show",container:window};if(b){a.extend(c,b)}var d=this;if("scroll"==c.event){a(c.container).bind("scroll",function(b){var e=0;d.each(function(){if(a.abovethetop(this,c)||a.leftofbegin(this,c)){}else if(!a.belowthefold(this,c)&&!a.rightoffold(this,c)){a(this).trigger("appear")}else{if(e++>c.failurelimit){return false}}});var f=a.grep(d,function(a){return!a.loaded});d=a(f)})}this.each(function(){var b=this;if(undefined==a(b).attr("original")){a(b).attr("original",a(b).attr("src"))}if("scroll"!=c.event||undefined==a(b).attr("src")||c.placeholder==a(b).attr("src")||a.abovethetop(b,c)||a.leftofbegin(b,c)||a.belowthefold(b,c)||a.rightoffold(b,c)){if(c.placeholder){a(b).attr("src",c.placeholder)}else{a(b).removeAttr("src")}b.loaded=false}else{b.loaded=true}a(b).one("appear",function(){if(!this.loaded){a("<img />").bind("load",function(){a(b).hide().attr("src",a(b).attr("original"))[c.effect](c.effectspeed);b.loaded=true}).attr("src",a(b).attr("original"))}});if("scroll"!=c.event){a(b).bind(c.event,function(c){if(!b.loaded){a(b).trigger("appear")}})}});a(c.container).trigger(c.event);return this};a.belowthefold=function(b,c){if(c.container===undefined||c.container===window){var d=a(window).height()+a(window).scrollTop()}else{var d=a(c.container).offset().top+a(c.container).height()}return d<=a(b).offset().top-c.threshold};a.rightoffold=function(b,c){if(c.container===undefined||c.container===window){var d=a(window).width()+a(window).scrollLeft()}else{var d=a(c.container).offset().left+a(c.container).width()}return d<=a(b).offset().left-c.threshold};a.abovethetop=function(b,c){if(c.container===undefined||c.container===window){var d=a(window).scrollTop()}else{var d=a(c.container).offset().top}return d>=a(b).offset().top+c.threshold+a(b).height()};a.leftofbegin=function(b,c){if(c.container===undefined||c.container===window){var d=a(window).scrollLeft()}else{var d=a(c.container).offset().left}return d>=a(b).offset().left+c.threshold+a(b).width()};a.extend(a.expr[":"],{"below-the-fold":"$.belowthefold(a, {threshold : 0, container: window})","above-the-fold":"!$.belowthefold(a, {threshold : 0, container: window})","right-of-fold":"$.rightoffold(a, {threshold : 0, container: window})","left-of-fold":"!$.rightoffold(a, {threshold : 0, container:window})"})})(jQuery);$(function(){$("img").lazyload({placeholder:"https://4.bp.blogspot.com/-XNnCtsmVWps/WwUzI4O3OMI/AAAAAAAAGzM/s5IzNI42txMh8ZglfGk9ktfD7CqQ0JkMgCLcBGAs/s1600/sun.gif",effect:"fadeIn",threshold:"0"})});
// EU Law Cookies
//window.cookieconsent_options = {"message":"This website uses cookies to ensure you get the best experience on our website","dismiss":"Got it!","learnMore":"More info","link":"https://www.idntheme.com/p/privacy-policy.html",title:"Privacy Policy","theme":"dark-floating"};
//(function(){var e=document.createElement("script");e.async=true;e.type="text/javascript";e.src="https://rawcdn.githack.com/Arlina-Design/FlamingTree/master/eulawcookies.js";(document.getElementsByTagName("HEAD")[0]||document.getElementsByTagName("BODY")[0]).appendChild(e)})();
//]]>
</script>
</b:if>

<b:if cond='data:blog.pageType in [&quot;index&quot;]'>
<style>
#recent-posts li,.recenthd{webkit-box-shadow: 0 2px 2px 0 rgba(0,0,0,0.14),0 3px 1px -2px rgba(0,0,0,0.12),0 1px 5px 0 rgba(0,0,0,0.2);box-shadow: 0 2px 2px 0 rgba(0,0,0,0.14),0 3px 1px -2px rgba(0,0,0,0.12),0 1px 5px 0 rgba(0,0,0,0.2);background:#fff;overflow:hidden}
#recent-posts li:hover{box-shadow:0 2px 2px 0 rgba(0,0,0,0.14), 0 5px 10px 0 rgba(0,0,0,0.12), 0 5px 10px -5px rgba(0,0,0,0.2)}
#recent-posts{display: grid;grid-template-columns: repeat(4, 1fr);grid-gap: 15px;}
#recent-posts li{transition:all .3s ease-in-out;}
#recent-posts .title_post{text-align:center;padding-top:0;}
.title_post a{color:#515151;font-weight: 700}
.title_post{height:40px;overflow:hidden;padding:10px;line-height:1.4;font-size:12px;}
#recent-posts li img{height:180px;width:100%;transition:all .3s ease-in-out;}
#recent-posts li:hover img{-webkit-filter: brightness(80%);filter: brightness(80%);}
@media only screen and (max-width: 599px) {#recent-posts{display: grid;grid-template-columns: repeat(2, 1fr);grid-gap: 10px;}}@media only screen and (max-width: 440px) {#recent-posts li img{height:100px;width:100%;}}

/* Video Youtube Responsive */
.videoyoutube{text-align:center;margin:auto;width:100%;}
.video-responsive{position:relative;padding-bottom:56.25%;height:0;overflow:hidden;}
.video-responsive iframe{position:absolute;top:0;left:0;width:100%;height:100%;border:0}

.ch-grid{margin:20px 0 30px 0;padding:0;list-style:none;display:block;text-align:center;}
.ch-grid:after,.ch-item:before{content:&#39;&#39;;display:table;}
.ch-grid:after{clear:both;}
.ch-grid li{width:300px;height:250px;display:inline-block;margin:20px 20px 0 20px;}
.ch-item{width:100%;height:100%;border-radius:5px;overflow:hidden;position:relative;cursor:default;box-shadow:inset 0 0 0 16px rgba(255,255,255,0.6),0 1px 2px rgba(0,0,0,0.1);transition:all 0.4s ease-in-out;background-repeat:no-repeat;background-size:150px;background-position:center;}

.ch-img-awesome{
background-image:url(https://image.flaticon.com/icons/png/512/33/33702.png);
}
.ch-img-kamus{
background-image:url(https://image.flaticon.com/icons/png/512/33/33447.png);
}
.ch-img-counter{
background-image:url(https://image.flaticon.com/icons/png/512/87/87413.png);
}
.ch-info{position:absolute;background:rgba(63,147,147,0.8);width:inherit;height:inherit;border-radius:5px;overflow:hidden;opacity:0;transition:all 0.4s ease-in-out;transform:scale(0);}
.ch-info h3{color:#fff;text-transform:uppercase;letter-spacing:2px;font-size:22px;margin:0 30px;padding:60px 0 0 0;height:90px;font-family:&#39;Open Sans&#39;,Arial,sans-serif;text-shadow:0 0 1px #fff,0 1px 2px rgba(0,0,0,0.3);}
.ch-item:hover{box-shadow:inset 0 0 0 1px rgba(255,255,255,0.1),0 1px 2px rgba(0,0,0,0.1);}
.ch-item:hover .ch-info{transform:scale(1);opacity:1;}
.ch-item:hover .ch-info p{opacity:1;}
.ch-info p{color:#fff;padding:10px 5px;font-style:italic;margin:40px 30px;font-size:12px;border-top:1px solid rgba(255,255,255,0.5);opacity:0;transition:all 1s ease-in-out 0.4s;line-height:10px;}
.ch-info p a{display:block;color:rgba(255,255,255,0.7);font-style:normal;font-weight:700;text-transform:uppercase;text-decoration:none;font-size:12px;letter-spacing:1px;padding-top:4px;text-align:center;color:#fff!important;}
.ch-info p a:hover{color:rgba(255,242,34,0.8);}
ol,.post-body ul{margin:0;padding:0;}

img.label_thumb{float:left;margin-right:15px !important;height:65px; /* Thumbnail height */width:65px; /* Thumbnail width */border: 1px solid #ff00ff;}
#label_with_thumbs {float: left;width: 100%;min-height: 80px;margin: 0px 15px 2px 0px;padding: 1;}ul#label_with_thumbs li {padding:6px 0;min-height:60px;margin-bottom:1px;border-bottom: 1px solid #ff99ff;}
#label_with_thumbs li{list-style: none ;padding-left:1px !important;}
#label_with_thumbs a { text-transform: none;}#label_with_thumbs strong {padding-left:1px; }

</style>
<script type='text/javascript'>
//<![CDATA[
// Recent Post Settings
var recentpost_url = "https://oclubsbusiness.com/";
var numPosts = 8;
var recentpost_label = "wawasan";
// Recent Post
function recentPosts(e){if(document.getElementById("recent-posts")){for(var t,s,r=e.feed.entry,n="",a=document.getElementById("recent-posts"),l=0;l<numPosts;l++){for(var c=0;c<numPosts;c++)if("alternate"==r[l].link[c].rel){s=r[l].link[c].href;break}"media$thumbnail"in r[l]?u=r[l].media$thumbnail.url.replace(/.*?:\/\//g,"//").replace(/\/s[0-9]+\-c/g,"/s300"):u="https://1.bp.blogspot.com/-jHWwEwTEwQ4/WJJ4k71QSYI/AAAAAAAApVc/XO_OitR_VGQS_Wquq1pv1h1D-dgiejSuQCLcB/s90/nothumb_large.png";var t=r[l].title.$t;n+='<li class="recent-posts"><a href="'+s+'" title="'+t+'" target="_blank"><img src="'+u+'" alt="'+t+'"></a><div class="title_post"><a href="'+s+'" title="'+t+'" target="_blank">'+t+"</div></li>"}a.innerHTML=n}}var rcp=document.createElement("script");rcp.src=recentpost_url+"/feeds/posts/default/-/"+recentpost_label+"?orderby=published&alt=json-in-script&max-results="+numPosts+"&callback=recentPosts",document.getElementsByTagName("head")[0].appendChild(rcp);
//]]>
</script>
</b:if>

<script type='text/javascript'>
//<![CDATA[
// Video Youtube Responsive
setTimeout(function(){$(".video-youtube").each(function(){$(this).replaceWith('<iframe class="video-youtube loader" src="'+$(this).data("src")+'" allowfullscreen="allowfullscreen" height="281" width="500"></iframe>')})},5e3);
//]]>
</script>

        
&lt;!--</body>--&gt;&lt;/body&gt;
</html>